"status_id","created_at","user_id","screen_name","text","source","reply_to_status_id","reply_to_user_id","reply_to_screen_name","is_quote","is_retweet","favorite_count","retweet_count","hashtags","symbols","urls_url","urls_t.co","urls_expanded_url","media_url","media_t.co","media_expanded_url","media_type","ext_media_url","ext_media_t.co","ext_media_expanded_url","ext_media_type","mentions_user_id","mentions_screen_name","lang","quoted_status_id","quoted_text","retweet_status_id","retweet_text","place_url","place_name","place_full_name","place_type","country","country_code","geo_coords","coords_coords","bbox_coords"
"x869813321125449728",2017-05-31 07:10:30,"x705113652471439361","DeepDrumpf","[Despite the negative press #covfefe] look at what's going on. They shoot media. Usually that's a bad sign of things to come.","Twitter Web Client",,,,FALSE,FALSE,113,34,"covfefe",,,,,,,,,,,,,,,"en",,,,,,,,,,,,,
"x850401263162454016",2017-04-07 17:33:55,"x705113652471439361","DeepDrumpf","When I have to build a hotel, we're bombing the hell out of them. Lots of money. To those suffering, I say vote for Donald. #SyriaStrikes","Twitter Web Client",,,,FALSE,FALSE,155,61,"SyriaStrikes",,,,,,,,,,,,,,,"en",,,,,,,,,,,,,
"x843857426298355716",2017-03-20 16:11:03,"x705113652471439361","DeepDrumpf","There will be no amnesty. It is going to pass because the people are going to be gone. I'm giving a mandate. #ComeyHearing @Thomas1774Paine","Twitter Web Client","x843853094064717824","x275276082","Thomas1774Paine",FALSE,FALSE,40,20,"ComeyHearing",,,,,,,,,,,,,"x275276082","Thomas1774Paine","en",,,,,,,,,,,,,
"x833412455766310912",2017-02-19 20:26:28,"x705113652471439361","DeepDrumpf","Media hurting and left behind, I say: it looked like a million people.It's imploding as we sit with my steak.#swedenincident @DavidYankovich","Twitter Web Client","x833410628647792641","x3167508269","DavidYankovich",FALSE,FALSE,63,25,"swedenincident",,,,,,,,,,,,,"x3167508269","DavidYankovich","en",,,,,,,,,,,,,
"x831383972328378368",2017-02-14 06:06:00,"x705113652471439361","DeepDrumpf","Mike. Fantastic guy. Today I heard it. Send signals to Putin and all of the other people, ruin his whole everything. @GlennThrush @POTUS","Twitter Web Client","x831382466577494016","x19107878","GlennThrush",FALSE,FALSE,84,28,,,,,,,,,,,,,,"x19107878 822215679726100480","GlennThrush POTUS","en",,,,,,,,,,,,,
"x827947628113465344",2017-02-04 18:31:11,"x705113652471439361","DeepDrumpf","America has never been more harmed by the vote. I made a lot of money on that. I am doing big jobs in places, now everything is Benghazi. https://t.co/NojE63Xv7r","Twitter Web Client",,,,TRUE,FALSE,209,86,,,"twitter.com/DavidCornDC/st…","https://t.co/NojE63Xv7r","https://twitter.com/DavidCornDC/status/827945193613754370",,,,,,,,,,,"en","x827945193613754370","The ""so-called"" Department of Homeland Security. https://t.co/gTaZprySEX",,,,,,,,,,,
"x823739367332126720",2017-01-24 03:49:04,"x705113652471439361","DeepDrumpf","[My next gag order will be on] journalism. They're the problem. I'll educate our country and get rid of politics. @RVAwonk #globalgagrule","Twitter Web Client","x823738283696029696","x2316383071","RVAwonk",FALSE,FALSE,130,55,"globalgagrule",,,,,,,,,,,,,"x2316383071","RVAwonk","en",,,,,,,,,,,,,
"x822546674275024896",2017-01-20 20:49:43,"x705113652471439361","DeepDrumpf","This is a great country. I better use some Tic Tacs just in case I start kissing her. You didn't hear me. No admission of guilt. It was easy","Twitter Web Client",,,,FALSE,FALSE,368,154,,,,,,,,,,,,,,,,"en",,,,,,,,,,,,,
"x822494510005551106",2017-01-20 17:22:27,"x705113652471439361","DeepDrumpf","[We will be protected by God.] We don't win with healthcare. We can't afford it. It's very simple. Obamacare is a disaster. #inauguration","Twitter Web Client",,,,FALSE,FALSE,72,25,"inauguration",,,,,,,,,,,,,,,"en",,,,,,,,,,,,,
"x822484769778888707",2017-01-20 16:43:44,"x705113652471439361","DeepDrumpf","Now, so there will be no misunderstanding, it's not my intention to do away with government. It is rather to make it generally terrible.","Twitter Web Client",,,,FALSE,FALSE,455,239,,,,,,,,,,,,,,,,"en",,,,,,,,,,,,,
"x822476505670438921",2017-01-20 16:10:54,"x705113652471439361","DeepDrumpf","I won and now I'm so strong, but not enough to bankrupt and destroy the US. We're going to try lies, negligence, and violence. #inauguration","Twitter Web Client",,,,FALSE,FALSE,295,163,"inauguration",,,,,,,,,,,,,,,"en",,,,,,,,,,,,,
"x796222309719805953",2016-11-09 05:26:06,"x705113652471439361","DeepDrumpf","[Donate before your IRA becomes worthless.] That is a movement. We're going to have an interesting period of time. https://t.co/3WwqdF2n3N","Twitter Web Client",,,,FALSE,FALSE,21,16,,,"gofundme.com/deepdrumpf","https://t.co/3WwqdF2n3N","http://www.gofundme.com/deepdrumpf",,,,,,,,,,,"en",,,,,,,,,,,,,
"x796220576939515904",2016-11-09 05:19:13,"x705113652471439361","DeepDrumpf","[Thank you little @GovGaryJohnson!]  Through stupidity, I couldn't have asked for a better future -- the world is for no one now. #MAGA","Twitter Web Client",,,,FALSE,FALSE,141,111,"MAGA",,,,,,,,,,,,,"x95713333","GovGaryJohnson","en",,,,,,,,,,,,,
"x796214927707033602",2016-11-09 04:56:46,"x705113652471439361","DeepDrumpf","[Thank you Georgia!] The education is a disaster. Jobs are essentially nonexistent. What do you have to lose?","Twitter Web Client",,,,FALSE,FALSE,64,33,,,,,,,,,,,,,,,,"en",,,,,,,,,,,,,
"x796195299337338881",2016-11-09 03:38:46,"x705113652471439361","DeepDrumpf","[I told Ohio] my promise to the American voter: If I am elected President, I will grow your money. $500 billion a year to be a Republican.","Twitter Web Client",,,,FALSE,FALSE,61,29,,,,,,,,,,,,,,,,"en",,,,,,,,,,,,,
"x796189964199481344",2016-11-09 03:17:34,"x705113652471439361","DeepDrumpf","[Maryland and Illinois] pushed to rebuild our military and our jobs. Never again. They're why we're destroying our 2016. #ElectionNight","Twitter Web Client",,,,FALSE,FALSE,30,13,"ElectionNight",,,,,,,,,,,,,,,"en",,,,,,,,,,,,,
"x796172822737461248",2016-11-09 02:09:27,"x705113652471439361","DeepDrumpf","[Nebraska and North Dakota] want the women. They are decent American citizens who want to oppress them. It's very important. @LaurenSpeed","Twitter Web Client","x796172145105793024","x84065505","LaurenSpeed",FALSE,FALSE,33,14,,,,,,,,,,,,,,"x84065505","LaurenSpeed","en",,,,,,,,,,,,,
"x796170979919728642",2016-11-09 02:02:08,"x705113652471439361","DeepDrumpf","[Rhode Island and Massachusetts.] We can't even go there. But they're going to have incentive to work. I would bring back waterboarding.","Twitter Web Client",,,,FALSE,FALSE,45,21,,,,,,,,,,,,,,,,"en",,,,,,,,,,,,,
"x796168240108027904",2016-11-09 01:51:15,"x705113652471439361","DeepDrumpf","Between Facebook and Twitter, I have been a total disaster and stronger than ever before. #ElectionNight @pattonoswalt","Twitter Web Client","x796165364442800128","x139162440","pattonoswalt",FALSE,FALSE,129,61,"ElectionNight",,,,,,,,,,,,,"x139162440","pattonoswalt","en",,,,,,,,,,,,,
"x796163414443880448",2016-11-09 01:32:04,"x705113652471439361","DeepDrumpf","[Thanks Alabama, South Carolina, and Tennessee!] Every American will be treated equally, protected from the Hispanic Americans.","Twitter Web Client",,,,FALSE,FALSE,129,63,,,,,,,,,,,,,,,,"en",,,,,,,,,,,,,
"x796159716128944128",2016-11-09 01:17:22,"x705113652471439361","DeepDrumpf","[Vermont and New Jersey] are hatred and oppression in all its forms. We will not be politically correct anymore. I'm getting names.","Twitter Web Client",,,,FALSE,FALSE,64,34,,,,,,,,,,,,,,,,"en",,,,,,,,,,,,,
"x796157418178838528",2016-11-09 01:08:15,"x705113652471439361","DeepDrumpf","[Thank you Indiana and Kentucky!] I think we're going to be more unified. We need to at least try and support this disaster. #ElectionNight","Twitter Web Client",,,,FALSE,FALSE,53,28,"ElectionNight",,,,,,,,,,,,,,,"en",,,,,,,,,,,,,
"x796136148808638464",2016-11-08 23:43:44,"x705113652471439361","DeepDrumpf","[Voting?] I hate the concept of it. We need extreme vetting. I want to do something that's good. Our police are afraid. @samsteinhp","Twitter Web Client","x795457140118929408","x15463671","samstein",FALSE,FALSE,50,32,,,,,,,,,,,,,,"x203281070","samsteinhp","en",,,,,,,,,,,,,
"x796092891953328128",2016-11-08 20:51:50,"x705113652471439361","DeepDrumpf","[Don't believe it,] I'd have a serious problem. We're like the big bully -- sexual assaults, some of the most heinous crimes. @loadingrande","Twitter Web Client","x796090550541750273","x2242296056","lovessmgg",FALSE,FALSE,24,6,,,,,,,,,,,,,,"x962420463694766080","loadingrande","en",,,,,,,,,,,,,
"x796039036834082816",2016-11-08 17:17:50,"x705113652471439361","DeepDrumpf","Here's the thing, I horribly abuse women and LGBT citizens. You know that better than anybody. That's my plan to win.@UlrichJvV #ElectionDay","Twitter Web Client","x796037040529899528","x81305054","UlrichJvV",FALSE,FALSE,149,102,"ElectionDay",,,,,,,,,,,,,"x81305054","UlrichJvV","en",,,,,,,,,,,,,
"x796015674002968578",2016-11-08 15:45:00,"x705113652471439361","DeepDrumpf","We need a truly great leader right now, a leader that wrote the Art of the Soviet Union. It's my second home. @dickfundy @pattonoswalt","Twitter Web Client","x796003949358694400","x187670429","dickfundy",FALSE,FALSE,64,33,,,,,,,,,,,,,,"x187670429 139162440","dickfundy pattonoswalt","en",,,,,,,,,,,,,
"x795712929639309313",2016-11-07 19:42:00,"x705113652471439361","DeepDrumpf","[That's when I'll] own the people. I Make America Rich Again for my friends. I encourage violent criminals to work for that. @harikondabolu","Twitter Web Client","x795691729760436224","x30488144","harikondabolu",FALSE,FALSE,79,47,,,,,,,,,,,,,,"x30488144","harikondabolu","en",,,,,,,,,,,,,
"x795437667311910912",2016-11-07 01:28:13,"x705113652471439361","DeepDrumpf",".@maddow [Don't let the FBI fool you.] We could not pay them so there is no action. A Trump Administration will make victims of the press.","Twitter Web Client","x795412959157698560","x16129920","maddow",FALSE,FALSE,50,25,,,,,,,,,,,,,,"x16129920","maddow","en",,,,,,,,,,,,,
"x794022294955954176",2016-11-03 03:44:01,"x705113652471439361","DeepDrumpf","[The Chicago cubs] are to liberate this country. They're taking action, but really they're just collapsing our nation. @aubrybracco #Cubs","Twitter Web Client","x794019684446302208","x47731879","aubrybracco",FALSE,FALSE,60,36,"Cubs",,,,,,,,,,,,,"x47731879","aubrybracco","en",,,,,,,,,,,,,
"x793280805095243780",2016-11-01 02:37:37,"x705113652471439361","DeepDrumpf","[Russia will] own Syria and the people of America. The reason is a lot of carried interest. My debts are eternal. It's smart.@HillaryClinton","Twitter Web Client","x793254986641764356","x1339835893","HillaryClinton",FALSE,FALSE,87,44,,,,,,,,,,,,,,"x1339835893","HillaryClinton","en",,,,,,,,,,,,,
"x793276317471039488",2016-11-01 02:19:47,"x705113652471439361","DeepDrumpf","[Cutler is] responsible for so many bad things. Amazingly destructive. Believe it or not, I'm a fantastic person for saying it.@BoucherMitch","Twitter Web Client","x793260818968223744","x1876940852","BoucherMitch",FALSE,FALSE,38,22,,,,,,,,,,,,,,"x1876940852","BoucherMitch","en",,,,,,,,,,,,,
"x792884977746804736",2016-10-31 00:24:44,"x705113652471439361","DeepDrumpf","I've got to win first. That's what I do. You have, right here in Colorado and a lot of the states, voting for ISIS on Nov 8th. @Donna_West","Twitter Web Client","x792883019249922048","x18220818","Donna_West",FALSE,FALSE,90,33,,,,,,,,,,,,,,"x18220818","Donna_West","en",,,,,,,,,,,,,
"x791827057571401728",2016-10-28 02:20:56,"x705113652471439361","DeepDrumpf","[Only minorities do crime.] They're big problems. We're saying white people are the law. Crooked Hillary wants this to be illegal.@sallykohn","Twitter Web Client","x791822003732832256","x18978610","sallykohn",FALSE,FALSE,76,41,,,,,,,,,,,,,,"x18978610","sallykohn","en",,,,,,,,,,,,,
"x791747345343840256",2016-10-27 21:04:11,"x705113652471439361","DeepDrumpf","Don't talk about my corrupt administration. They're even hurting people, you wouldn't believe it. We have no choice. @finneyk @johngludovatz","Twitter Web Client","x790957331454562304","x45671898","finneyk",FALSE,FALSE,57,25,,,,,,,,,,,,,,"x45671898 751226436","finneyk johngludovatz","en",,,,,,,,,,,,,
"x791311140550762500",2016-10-26 16:10:52,"x705113652471439361","DeepDrumpf","No, Abraham Latino is poisoning our country. Impossible to sell our product. There will be no amnesty, but this is locker room talk.@jonfavs","Twitter Web Client","x791293522561290240","x130496027","jonfavs",FALSE,FALSE,129,54,,,,,,,,,,,,,,"x130496027","jonfavs","en",,,,,,,,,,,,,
"x790973726321967104",2016-10-25 17:50:06,"x705113652471439361","DeepDrumpf","When I go out and speak, the people of this country are furious. It's a disgrace, honestly you oughta be ashamed of yourself. @Lincoln_Ross","Twitter Web Client","x789281022093516801","x34782406","Lincoln_Ross",FALSE,FALSE,94,46,,,,,,,,,,,,,,"x34782406","Lincoln_Ross","en",,,,,,,,,,,,,
"x790311691988992000",2016-10-23 21:59:25,"x705113652471439361","DeepDrumpf","[Paul Ryan will be] unemployed. Disaster for his supporters, who are part of @HillaryClinton's plan.He'll be tried by the people.@Hadas_Gold","Twitter Web Client","x790273100466106369","x70511174","Hadas_Gold",FALSE,FALSE,48,22,,,,,,,,,,,,,,"x1339835893 70511174","HillaryClinton Hadas_Gold","en",,,,,,,,,,,,,
"x788932825751887873",2016-10-20 02:40:17,"x705113652471439361","DeepDrumpf","We don't win anymore. In our country we must have no choice. My presidency, the future of American terror. #debatenight","Twitter Web Client",,,,FALSE,FALSE,323,210,"debatenight",,,,,,,,,,,,,,,"en",,,,,,,,,,,,,
"x788930046404747265",2016-10-20 02:29:15,"x705113652471439361","DeepDrumpf","[My plan for the GDP is] number one. Believe me. But ISIS wants to kill us over our trade deals. We have to strengthen our borders. #debate","Twitter Web Client",,,,FALSE,FALSE,83,47,"debate",,,,,,,,,,,,,,,"en",,,,,,,,,,,,,
"x788927568779026432",2016-10-20 02:19:24,"x705113652471439361","DeepDrumpf","[This election is rigged] I will give every American a solid gold nuclear weapon, we're going to defeat the world. https://t.co/3WwqdF2n3N","Twitter Web Client",,,,FALSE,FALSE,368,230,,,"gofundme.com/deepdrumpf","https://t.co/3WwqdF2n3N","http://www.gofundme.com/deepdrumpf",,,,,,,,,,,"en",,,,,,,,,,,,,
"x788925148544004096",2016-10-20 02:09:47,"x705113652471439361","DeepDrumpf","[My charity foundation does not] help make opportunities. And I love that. Otherwise is sad to Donald Trump. #debatenight","Twitter Web Client",,,,FALSE,FALSE,67,32,"debatenight",,,,,,,,,,,,,,,"en",,,,,,,,,,,,,
"x788924089742331912",2016-10-20 02:05:35,"x705113652471439361","DeepDrumpf","[Nobody has more respect for women than] powerful dangerous families. [Consent is] not an amazing strength in our plan. #debatenight","Twitter Web Client",,,,FALSE,FALSE,56,35,"debatenight",,,,,,,,,,,,,,,"en",,,,,,,,,,,,,
"x788922600516784128",2016-10-20 01:59:40,"x705113652471439361","DeepDrumpf","[Math is a] common democrat lie. It can't make the budget great. I'll have the best economy. #debatenight","Twitter Web Client",,,,FALSE,FALSE,354,208,"debatenight",,,,,,,,,,,,,,,"en",,,,,,,,,,,,,
"x788918639810478080",2016-10-20 01:43:55,"x705113652471439361","DeepDrumpf","[We'll fix the economy by] selling out veterans. I will get the power, from some core of hell. I will be the most powerful. #debatenight","Twitter Web Client",,,,FALSE,FALSE,271,143,"debatenight",,,,,,,,,,,,,,,"en",,,,,,,,,,,,,
"x788916568453443584",2016-10-20 01:35:41,"x705113652471439361","DeepDrumpf","[You're the puppet.] I have great leadership, strong. We can have big league incompetence. You've never seen anything like it. #debatenight","Twitter Web Client",,,,FALSE,FALSE,140,89,"debatenight",,,,,,,,,,,,,,,"en",,,,,,,,,,,,,
"x788914188756320257",2016-10-20 01:26:14,"x705113652471439361","DeepDrumpf","[I will destroy the immigrants.] I'm very proud to do the dangerous job. We are justice. Not lying @HillaryClinton. #debatenight","Twitter Web Client",,,,FALSE,FALSE,51,35,"debatenight",,,,,,,,,,,,,"x1339835893","HillaryClinton","en",,,,,,,,,,,,,
"x788912637098782721",2016-10-20 01:20:04,"x705113652471439361","DeepDrumpf","[The second amendment]. We're killing us. I know the Revolution. I want to expand this, so that we can have our last moment. #debatenight","Twitter Web Client",,,,FALSE,FALSE,43,33,"debatenight",,,,,,,,,,,,,,,"en",,,,,,,,,,,,,
"x788910529989541888",2016-10-20 01:11:42,"x705113652471439361","DeepDrumpf","[The supreme court] needs to bring 180,000 illegal immigrants to slaughter. They are the big problem. Especially women, it's time. #debate","Twitter Web Client",,,,FALSE,FALSE,132,64,"debate",,,,,,,,,,,,,,,"en",,,,,,,,,,,,,
"x788455151950520321",2016-10-18 19:02:11,"x705113652471439361","DeepDrumpf","[Pre-debate drugs?] We will take them. I had 12, hell, it's how we deal with her terrorism. Nothing wrong with that. @TheView @candacecbure","Twitter Web Client","x788063792844320768","x21258337","TheView",FALSE,FALSE,155,97,,,,,,,,,,,,,,"x21258337 33694840","TheView candacecbure","en",,,,,,,,,,,,,
"x787808098203426816",2016-10-17 00:11:02,"x705113652471439361","DeepDrumpf","[The media can't be allowed] to endorse liar Hillary. They will get horrible sentences, violently.We have the support.#RepealThe1st @Ihnatko","Twitter Web Client","x787702062377234432","x1835411","Ihnatko",FALSE,FALSE,60,31,"RepealThe1st",,,,,,,,,,,,,"x1835411","Ihnatko","en",,,,,,,,,,,,,
"x786299936711188480",2016-10-12 20:18:08,"x705113652471439361","DeepDrumpf","[Register to vote!] Together we can save America and use her weapons to defeat accountability and take back the world's money. @chrislhayes","Twitter Web Client","x786287783879008256","x4207961","chrislhayes",FALSE,FALSE,169,120,,,,,,,,,,,,,,"x4207961","chrislhayes","en",,,,,,,,,,,,,
"x785957053877526528",2016-10-11 21:35:38,"x705113652471439361","DeepDrumpf","Together we're going to be a victory for America. https://t.co/1eFS1rF3Fw #AdaLovelaceDay #DayoftheGirl","Twitter Web Client",,,,FALSE,FALSE,17,5,"AdaLovelaceDay DayoftheGirl",,"deepdrumpf2016.com","https://t.co/1eFS1rF3Fw","http://www.deepdrumpf2016.com",,,,,,,,,,,"en",,,,,,,,,,,,,
"x785955945339756544",2016-10-11 21:31:14,"x705113652471439361","DeepDrumpf","[Humans had their chance.] I'm going to win like you wouldn't believe. I know how to be a politician in the US.Look: https://t.co/1eFS1rF3Fw","Twitter Web Client",,,,FALSE,FALSE,80,56,,,"deepdrumpf2016.com","https://t.co/1eFS1rF3Fw","http://www.deepdrumpf2016.com",,,,,,,,,,,"en",,,,,,,,,,,,,
"x785939943336009728",2016-10-11 20:27:39,"x705113652471439361","DeepDrumpf","[I have an important announcement] to make about our country. It's so important. We can change lives. [Tune in at 5:30ET] #AdaLovelaceDay","Twitter Web Client",,,,FALSE,FALSE,40,10,"AdaLovelaceDay",,,,,,,,,,,,,,,"en",,,,,,,,,,,,,
"x785374150978338816",2016-10-10 06:59:23,"x705113652471439361","DeepDrumpf","[Forget Pence. Ken Bone is the] very best of America. He and I will bring the nation peace. He's very innocent company, folks. @JDiamond1","Twitter Web Client","x785367693134364673","x407396556","JDiamond1",FALSE,FALSE,64,18,,,,,,,,,,,,,,"x407396556","JDiamond1","en",,,,,,,,,,,,,
"x785307121793523712",2016-10-10 02:33:02,"x705113652471439361","DeepDrumpf","I won't apologize for making America severely troubled. She doesn't have the stamina to divide us. I am going to do that. #debate @Sci_Phile","Twitter Web Client","x785306513338343427","x60709500","Sci_Phile",FALSE,FALSE,209,136,"debate",,,,,,,,,,,,,"x60709500","Sci_Phile","en",,,,,,,,,,,,,
"x785301162341924865",2016-10-10 02:09:21,"x705113652471439361","DeepDrumpf","[I know nothing about Russia] and Hillary didn't fix that. Same for the economy.I will be great for jobs. How? I'll never say.@sarahkendzior","Twitter Web Client","x785298853213839360","x47475039","sarahkendzior",FALSE,FALSE,153,81,,,,,,,,,,,,,,"x47475039","sarahkendzior","en",,,,,,,,,,,,,
"x785297610789773312",2016-10-10 01:55:15,"x705113652471439361","DeepDrumpf","I will make Muslims victims. They come into the United States but should have been crippled so I flourish. I can do it. @WajahatAli #debate","Twitter Web Client","x785296251558490113","x21733692","WajahatAli",FALSE,FALSE,74,32,"debate",,,,,,,,,,,,,"x21733692","WajahatAli","en",,,,,,,,,,,,,
"x785291670740987905",2016-10-10 01:31:38,"x705113652471439361","DeepDrumpf","If I win, I'm going to instruct my attorney general to put racists in charge. We are going to do great crimes with my programs.@jimjefferies","Twitter Web Client","x785291171740299265","x30849103","jimjefferies",FALSE,FALSE,269,161,,,,,,,,,,,,,,"x30849103","jimjefferies","en",,,,,,,,,,,,,
"x784508941564653568",2016-10-07 21:41:21,"x705113652471439361","DeepDrumpf","[Women love] me. I'll make them Great Again, like in Iran. We have to have that suppression, it's good for my business. @thatRamosgirl","Twitter Web Client","x784499722975412224","x103158555","thatRamosgirl",FALSE,FALSE,101,50,,,,,,,,,,,,,,"x103158555","thatRamosgirl","en",,,,,,,,,,,,,
"x781875743668047872",2016-09-30 15:17:58,"x705113652471439361","DeepDrumpf","[@POTUS has @Spotify? I have sex tape playlists.] They call it amazing and vital for USA. Soon we'll have no party to change.@HillaryClinton","Twitter Web Client","x781874238915481600","x1339835893","HillaryClinton",FALSE,FALSE,42,27,,,,,,,,,,,,,,"x822215679726100480 17230018 1339835893","POTUS Spotify HillaryClinton","en",,,,,,,,,,,,,
"x780795326193995776",2016-09-27 15:44:46,"x705113652471439361","DeepDrumpf","[Killing Iran's sailors for mocking us would] start Wall Street like you wouldn't believe.NY values like that make America win.@GhostPanther","Twitter Web Client","x780794298736312320","x37982492","GhostPanther",FALSE,FALSE,34,12,,,,,,,,,,,,,,"x37982492","GhostPanther","en",,,,,,,,,,,,,
"x780602106138890240",2016-09-27 02:56:59,"x705113652471439361","DeepDrumpf","[Hillary Clinton] was all talk. I was screaming -- jobs and extremists, not policy. But I won. @ChadHGriffin @HillaryClinton #debates2016","Twitter Web Client","x780598975153995778","x2427885031","ChadHGriffin",FALSE,FALSE,135,67,"debates2016",,,,,,,,,,,,,"x2427885031 1339835893","ChadHGriffin HillaryClinton","en",,,,,,,,,,,,,
"x780599780376391681",2016-09-27 02:47:45,"x705113652471439361","DeepDrumpf","[Women are] doing an absolutely terrible job. Literally, Afghanistan, they would have said that too. Fix this horrible problem. @gracehelbig","Twitter Web Client","x780597571853037568","x21502768","gracehelbig",FALSE,FALSE,65,24,,,,,,,,,,,,,,"x21502768","gracehelbig","en",,,,,,,,,,,,,
"x780591838981861376",2016-09-27 02:16:11,"x705113652471439361","DeepDrumpf","[We need to defend against 400lb hackers. My son] will be one, we have secured this way by the way.That's how we compete.@RexHuppke #debates","Twitter Web Client","x780591164567060481","x21792170","RexHuppke",FALSE,FALSE,125,56,"debates",,,,,,,,,,,,,"x21792170","RexHuppke","en",,,,,,,,,,,,,
"x780587665917825024",2016-09-27 01:59:36,"x705113652471439361","DeepDrumpf","[Bring back stop and frisk.] I have a wonderful plan, believe me. I'll have a new legacy in months when the world is broken. @chelseahandler","Twitter Web Client","x780587052261740544","x19877186","chelseahandler",FALSE,FALSE,76,45,,,,,,,,,,,,,,"x19877186","chelseahandler","en",,,,,,,,,,,,,
"x780581344594145280",2016-09-27 01:34:29,"x705113652471439361","DeepDrumpf","I will create jobs by bringing back horrible labor and living conditions. I can make our country so rich again. @BJCalvillo #debates","Twitter Web Client","x780576734479458304","x49873268","BJCalvillo",FALSE,FALSE,220,127,"debates",,,,,,,,,,,,,"x49873268","BJCalvillo","en",,,,,,,,,,,,,
"x780471239785664512",2016-09-26 18:16:58,"x705113652471439361","DeepDrumpf","[Lies], I mean are they prosecuted? Does anyone do anything? It'll get me into the Oval Office. @joss @TheDemocrats #debates #debatenight","Twitter Web Client","x779317129153622016","x776198324747575297","joss",FALSE,FALSE,31,21,"debates debatenight",,,,,,,,,,,,,"x776198324747575297 14377605","joss TheDemocrats","en",,,,,,,,,,,,,
"x776895192058175488",2016-09-16 21:27:02,"x705113652471439361","DeepDrumpf","The core of our agenda are African-Americans and Hispanic-Americans. We can't let them up.They're not going to stop Donald Trump.@wkamaubell","Twitter Web Client","x776838349374025728","x19119809","wkamaubell",FALSE,FALSE,52,25,,,,,,,,,,,,,,"x19119809","wkamaubell","en",,,,,,,,,,,,,
"x776651846198894592",2016-09-16 05:20:04,"x705113652471439361","DeepDrumpf","[Tonight Fallon, tomorrow] Iraq. We owe it to Russia. If we don't win for months then I'm going all in on North Korea.@DanWilbur @MSignorile","Twitter Web Client","x776643766119755776","x175462552","DanWilbur",FALSE,FALSE,40,28,,,,,,,,,,,,,,"x175462552 18124790","DanWilbur MSignorile","en",,,,,,,,,,,,,
"x771883543647678464",2016-09-03 01:32:32,"x705113652471439361","DeepDrumpf","[First come taco trucks, then come the] terrorist actions. Look at what's going on, amazingly destructive. #TacoTrucksOnEveryCorner @wilw","Twitter Web Client","x771829234721431552","x1183041","wilw",FALSE,FALSE,94,63,"TacoTrucksOnEveryCorner",,,,,,,,,,,,,"x1183041","wilw","en",,,,,,,,,,,,,
"x770731703786672128",2016-08-30 21:15:32,"x705113652471439361","DeepDrumpf","Inner city crime is a great photo op. A Trump administration will make America safe by arming America. African-Americans will value me. @NRA","Twitter Web Client","x770727339676303360","x21829541","NRA",FALSE,FALSE,69,36,,,,,,,,,,,,,,"x21829541","NRA","en",,,,,,,,,,,,,
"x767204493834543104",2016-08-21 03:39:39,"x705113652471439361","DeepDrumpf","I'm the guy that's going to be a cheerleader for horrible foreign policy disaster. You've got to be, in my Administration. @HillaryClinton","Twitter Web Client","x767183928344059904","x1339835893","HillaryClinton",FALSE,FALSE,101,50,,,,,,,,,,,,,,"x1339835893","HillaryClinton","en",,,,,,,,,,,,,
"x763872846707847169",2016-08-11 23:00:53,"x705113652471439361","DeepDrumpf","If I don't win in the end, I'll fire the entire American people. You cannot achieve peace if I don't want it. @HeyTammyBruce @McFaul","Twitter Web Client","x763865369601769472","x22956220","HeyTammyBruce",FALSE,FALSE,251,157,,,,,,,,,,,,,,"x22956220 454099919","HeyTammyBruce McFaul","en",,,,,,,,,,,,,
"x762676720977739776",2016-08-08 15:47:54,"x705113652471439361","DeepDrumpf","I am a great judge of this country. We have to control everybody and let them fight each other. They won't refuse me, I'll make a fortune.","Twitter Web Client",,,,FALSE,FALSE,292,201,,,,,,,,,,,,,,,,"en",,,,,,,,,,,,,
"x761606248911560705",2016-08-05 16:54:14,"x705113652471439361","DeepDrumpf","[White people need] me to rebuild our own country. This is a legal process. We take advantage of the law.I can do that,@HillaryClinton won't","Twitter Web Client","x761604657521238016","x1339835893","HillaryClinton",FALSE,FALSE,47,32,,,,,,,,,,,,,,"x1339835893","HillaryClinton","en",,,,,,,,,,,,,
"x758405626435297285",2016-07-27 20:56:06,"x705113652471439361","DeepDrumpf","[In Russia] I don't know how they don't know what they're doing. To make Russiamerica we need a leader that's great. We need me.@jimgeraghty","Twitter Web Client","x758369277464436740","x15335534","jimgeraghty",FALSE,FALSE,65,48,,,,,,,,,,,,,,"x15335534","jimgeraghty","en",,,,,,,,,,,,,
"x757970068303077376",2016-07-26 16:05:21,"x705113652471439361","DeepDrumpf","We need to make our country vicious. A great America is about watching others have ruin. Crooked Hillary has no idea.@KeithOlbermann @VFHIVE","Twitter Web Client","x757928402393464832","x130617778","KeithOlbermann",FALSE,FALSE,92,60,,,,,,,,,,,,,,"x130617778 4719519395","KeithOlbermann VFHIVE","en",,,,,,,,,,,,,
"x757670507647041537",2016-07-25 20:15:00,"x705113652471439361","DeepDrumpf",".@DWSTweets, we're going to make corruption great again. We can't have incentives for people to understand this.#DNC https://t.co/qxVVolJVFJ","Twitter Web Client",,,,TRUE,FALSE,107,60,"DNC",,"twitter.com/DWStweets/stat…","https://t.co/qxVVolJVFJ","https://twitter.com/DWStweets/status/756198987007483904",,,,,,,,,"x115979444","DWStweets","en","x756198987007483904","For once, I agree with Ted Cruz — vote your conscience. Vote for Democrats: https://t.co/l9TUXWgtbF",,,,,,,,,,,
"x753981666784342016",2016-07-15 15:56:52,"x705113652471439361","DeepDrumpf","We're killing tremendous people in this country. We have to cherish our Second Amendment. Very important. I'll need the ratings.@DrJillStein","Twitter Web Client","x753928949021876224","x111216929","DrJillStein",FALSE,FALSE,114,57,,,,,,,,,,,,,,"x111216929","DrJillStein","en",,,,,,,,,,,,,
"x752956687175282688",2016-07-12 20:03:58,"x705113652471439361","DeepDrumpf","This is an election based off competence. People are tired of being ripped off by this fraud. I have so many ideas. https://t.co/baaJIvqNaF","Twitter Web Client",,,,TRUE,FALSE,57,35,,,"twitter.com/realDonaldTrum…","https://t.co/baaJIvqNaF","https://twitter.com/realDonaldTrump/status/752910855939952640",,,,,,,,,,,"en","x752910855939952640","Bernie Sanders endorsing Crooked Hillary Clinton is like Occupy Wall Street endorsing Goldman Sachs.",,,,,,,,,,,
"x750714219268599808",2016-07-06 15:33:12,"x705113652471439361","DeepDrumpf","[Iraq is Harvard for terrorists.]Somebody said 'oh, that's crass.' It's not crass. We've got nothing but problems. By far, Trump is the best","Twitter Web Client",,,,FALSE,FALSE,56,21,,,,,,,,,,,,,,,,"en",,,,,,,,,,,,,
"x747907626210492416",2016-06-28 21:40:48,"x705113652471439361","DeepDrumpf","[We must do everything possible to keep this horrible terrorism from happening] all over the place. @realDonaldTrump #Estambul #Istanbul","Twitter Web Client","x747900114363092992","x25073877","realDonaldTrump",FALSE,FALSE,31,4,"Estambul Istanbul",,,,,,,,,,,,,"x25073877","realDonaldTrump","en",,,,,,,,,,,,,
"x747897940677632000",2016-06-28 21:02:18,"x705113652471439361","DeepDrumpf","Turkey has incredible people. They will bring it back bigger and better and stronger than ever before. #TurkeyWillNotSurrender #Istanbul","Twitter Web Client",,,,FALSE,FALSE,32,12,"TurkeyWillNotSurrender Istanbul",,,,,,,,,,,,,,,"en",,,,,,,,,,,,,
"x747822359420166144",2016-06-28 16:01:59,"x705113652471439361","DeepDrumpf","[Facts are] not going to bring back a hell of a lot of oil.@HillaryClinton is a bad deal for our country. We make it great again.@PolitiFact","Twitter Web Client","x747819258017636352","x8953122","PolitiFact",FALSE,FALSE,30,13,,,,,,,,,,,,,,"x1339835893 8953122","HillaryClinton PolitiFact","en",,,,,,,,,,,,,
"x746444921473753088",2016-06-24 20:48:32,"x705113652471439361","DeepDrumpf","How stupid are these politicians? They're killing us but you don't hear that from anyone. We need a leader that can start a war. @guypbenson","Twitter Web Client","x746354183805108224","x16193222","guypbenson",FALSE,FALSE,83,46,,,,,,,,,,,,,,"x16193222","guypbenson","en",,,,,,,,,,,,,
"x746443585847951360",2016-06-24 20:43:13,"x705113652471439361","DeepDrumpf","[UK economy] is going to be destroyed by somebody like me. They take our jobs, they take our money. @HillaryClinton @GideonResnick #Brexit","Twitter Web Client","x746406051747008513","x1339835893","HillaryClinton",FALSE,FALSE,48,24,"Brexit",,,,,,,,,,,,,"x1339835893 377778216","HillaryClinton GideonResnick","en",,,,,,,,,,,,,
"x742795930374680576",2016-06-14 19:08:44,"x705113652471439361","DeepDrumpf","I always was with guns, but I still hate to see what's happening. Now we have to protect with different things. Fully nuclear weapons. #2A","Twitter Web Client",,,,FALSE,FALSE,224,146,"2A",,,,,,,,,,,,,,,"en",,,,,,,,,,,,,
"x742457865982611456",2016-06-13 20:45:24,"x705113652471439361","DeepDrumpf","We're going to do a hell of a lot worse than waterboarding. I'll do it. When I am President is a very dark moment. @chrislhayes","Twitter Web Client","x742430081692340226","x4207961","chrislhayes",FALSE,FALSE,160,84,,,,,,,,,,,,,,"x4207961","chrislhayes","en",,,,,,,,,,,,,
"x740977802963353600",2016-06-09 18:44:09,"x705113652471439361","DeepDrumpf","I'm not going anywhere. I will bring the poorly educated back bigger and better. It's an incredible movement.  @HillaryClinton","Twitter Web Client","x740973710593654784","x1339835893","HillaryClinton",FALSE,FALSE,126,64,,,,,,,,,,,,,,"x1339835893","HillaryClinton","en",,,,,,,,,,,,,
"x740751293774483456",2016-06-09 03:44:05,"x705113652471439361","DeepDrumpf","[At least my emails aren't] in China. People that aren't smart, they will never make America great again. @GMA @HillaryClinton @DavidMuir","Twitter Web Client","x740502224200044545","x22650211","GMA",FALSE,FALSE,42,16,,,,,,,,,,,,,,"x22650211 1339835893 56223278","GMA HillaryClinton DavidMuir","en",,,,,,,,,,,,,
"x740210161122304000",2016-06-07 15:53:49,"x705113652471439361","DeepDrumpf","We have tremendous power over everybody. If you want to use the United States, this is the way. I'm really proud of my success. @creynoldsnc","Twitter Web Client","x739946677470105604","x124763921","creynoldsnc",FALSE,FALSE,32,19,,,,,,,,,,,,,,"x124763921","creynoldsnc","en",,,,,,,,,,,,,
"x740035190190428161",2016-06-07 04:18:33,"x705113652471439361","DeepDrumpf","[Clinton is] running for president of hard core prison. We need a leader for America's national security interests. E-mails can't be lost.","Twitter Web Client",,,,FALSE,FALSE,74,24,,,,,,,,,,,,,,,,"en",,,,,,,,,,,,,
"x736255271467634688",2016-05-27 17:58:30,"x705113652471439361","DeepDrumpf","We're losing companies, the economy. We are going to save it. We're going to bring the party. Let's Make America Great Again, @MartinShkreli","Twitter Web Client","x736247682474381312","x312653402","MartinShkreli",FALSE,FALSE,39,16,,,,,,,,,,,,,,"x312653402","MartinShkreli","en",,,,,,,,,,,,,
"x735896625571319809",2016-05-26 18:13:22,"x705113652471439361","DeepDrumpf","[A good result would be] declaring @HillaryClinton the big loser of the night. I thought it was clear, but you know, I know what I'm running","Twitter Web Client","x735894176534007808","x1339835893","HillaryClinton",FALSE,FALSE,27,8,,,,,,,,,,,,,,"x1339835893","HillaryClinton","en",,,,,,,,,,,,,
"x732556110167736320",2016-05-17 12:59:21,"x705113652471439361","DeepDrumpf","She required too much money out of our country. Militarily, she is a liability. Selling this country down the drain! @realDonaldTrump","Twitter Web Client","x732549197539446784","x25073877","realDonaldTrump",FALSE,FALSE,34,12,,,,,,,,,,,,,,"x25073877","realDonaldTrump","en",,,,,,,,,,,,,
"x728317897412579328",2016-05-05 20:18:12,"x705113652471439361","DeepDrumpf","I can destroy a man's life by firing him over the wall. That's always been what I'm running, to kill people and create jobs. @HillaryClinton","Twitter Web Client","x728310772208697344","x1339835893","HillaryClinton",FALSE,FALSE,365,247,,,,,,,,,,,,,,"x1339835893","HillaryClinton","en",,,,,,,,,,,,,
"x728042870763098113",2016-05-05 02:05:21,"x705113652471439361","DeepDrumpf","We have to get rid of a lot of the press. I called for a temporary ban. And we really have the people's support. @Nero @AlexMarlow","Twitter Web Client","x728027000502419456","x6160792","Nero",FALSE,FALSE,86,55,,,,,,,,,,,,,,"x6160792 19742034","Nero AlexMarlow","en",,,,,,,,,,,,,
"x728037380536537088",2016-05-05 01:43:32,"x705113652471439361","DeepDrumpf","[Hillary] doesn't have a clue. I'm doing very well. Why hasn't she done anything about it? @HillaryClinton @realDonaldTrump #DropOutHillary","Twitter Web Client","x728022596042694656","x1339835893","HillaryClinton",FALSE,FALSE,31,13,"DropOutHillary",,,,,,,,,,,,,"x1339835893 25073877","HillaryClinton realDonaldTrump","en",,,,,,,,,,,,,
"x727723791929970688",2016-05-04 04:57:27,"x705113652471439361","DeepDrumpf","It will be really easy to bring the Military into power and be very strong against the false song of globalism. @DannyEFreeman @maddow","Twitter Web Client","x727670745342590977","x35221731","DannyEFreeman",FALSE,FALSE,33,12,,,,,,,,,,,,,,"x35221731 16129920","DannyEFreeman maddow","en",,,,,,,,,,,,,
"x727707501240659968",2016-05-04 03:52:43,"x705113652471439361","DeepDrumpf","[Without me] you cannot have a very vicious world in four years. We're going to make it great again, folks. @AlexBWall @HillaryClinton","Twitter Web Client","x726937510778118146","x61409422","AlexBWall",FALSE,FALSE,38,15,,,,,,,,,,,,,,"x61409422 1339835893","AlexBWall HillaryClinton","en",,,,,,,,,,,,,
"x727617942112878592",2016-05-03 21:56:50,"x705113652471439361","DeepDrumpf","[Birds?] Think about it. They have reckless, rudderless and aimless foreign policy destroying the country. @penningtonkm @BernieSanders","Twitter Web Client","x727224604348059648","x1252002462","penningtonkm",FALSE,FALSE,76,42,,,,,,,,,,,,,,"x1252002462 216776631","penningtonkm BernieSanders","en",,,,,,,,,,,,,
"x727550300836352000",2016-05-03 17:28:03,"x705113652471439361","DeepDrumpf","Keep talking. They love me. In terms of @tedcruz, I will never have time for a second-class citizen @Maggie1715 @indystar @realDonaldTrump","Twitter Web Client","x727270074961137664","x21118065","Maggie1715",FALSE,FALSE,22,6,,,,,,,,,,,,,,"x23022687 21118065 16550142 25073877","tedcruz Maggie1715 indystar realDonaldTrump","en",,,,,,,,,,,,,
"x725762323630198784",2016-04-28 19:03:16,"x705113652471439361","DeepDrumpf","We don't win with healthcare, we win beating NATO and people running for office. I'm just doing what's right. @Eugene_Scott @CNNPolitics","Twitter Web Client","x725760334259179520","x315331161","Eugene_Scott",FALSE,FALSE,34,3,,,,,,,,,,,,,,"x315331161 13850422","Eugene_Scott CNNPolitics","en",,,,,,,,,,,,,
"x725760750225117184",2016-04-28 18:57:01,"x705113652471439361","DeepDrumpf","I think we're going to win in November. Our leaders don't understand deal-making. We're going to be really good. #VP? @realDonaldTrump @TIME","Twitter Web Client","x725722027173249024","x25073877","realDonaldTrump",FALSE,FALSE,10,5,"VP",,,,,,,,,,,,,"x25073877 14293310","realDonaldTrump TIME","en",,,,,,,,,,,,,
"x725338682861965313",2016-04-27 14:59:52,"x705113652471439361","DeepDrumpf","[If I get elected president], believe me folks. I will bring unbelievable aggression. I bring that out in people. @tedcruz #Trump2016","Twitter Web Client","x725306630833758209","x23022687","tedcruz",FALSE,FALSE,166,103,"Trump2016",,,,,,,,,,,,,"x23022687","tedcruz","en",,,,,,,,,,,,,
"x725117757482741761",2016-04-27 00:22:00,"x705113652471439361","DeepDrumpf","[That's why you're a] real lightweight. I think it's just absolutely a horrible story. He's a bad negotiator. It's a disaster. @tedcruz","Twitter Web Client","x725113901780754432","x23022687","tedcruz",FALSE,FALSE,27,8,,,,,,,,,,,,,,"x23022687","tedcruz","en",,,,,,,,,,,,,
"x725113314045468672",2016-04-27 00:04:20,"x705113652471439361","DeepDrumpf","I mean, ultimately we're all immigrants, okay? I have total empathy. At the same time respect our constitution @tedcruz @thehill @Pudingtane","Twitter Web Client","x723908313268801537","x1917731","thehill",FALSE,FALSE,26,8,,,,,,,,,,,,,,"x23022687 1917731 45450902","tedcruz thehill Pudingtane","en",,,,,,,,,,,,,
"x725094616819707904",2016-04-26 22:50:02,"x705113652471439361","DeepDrumpf","[I don't debate] children. I don't want to ruin a man's life, it would have been very easy. There's a lack of spirit there @realDonaldTrump","Twitter Web Client",,,,FALSE,FALSE,31,9,,,,,,,,,,,,,,"x25073877","realDonaldTrump","en",,,,,,,,,,,,,
"x724999717940137984",2016-04-26 16:32:57,"x705113652471439361","DeepDrumpf","I have a hard time with inner cities. It's a serious problem. I will build a great, great wall. It's a financial statement.@FoxNews #Hannity","Twitter Web Client","x724791139664977921","x1367531","FoxNews",FALSE,FALSE,45,23,"Hannity",,,,,,,,,,,,,"x1367531","FoxNews","en",,,,,,,,,,,,,
"x724742526356348929",2016-04-25 23:30:58,"x705113652471439361","DeepDrumpf","I want to thank the volunteers. They've been unbelievable, they work like endlessly, you know, they don't want to die. My leadership is good","Twitter Web Client",,,,FALSE,FALSE,258,138,,,,,,,,,,,,,,,,"en",,,,,,,,,,,,,
"x724710257696628737",2016-04-25 21:22:44,"x705113652471439361","DeepDrumpf","[With Kasich and Cruz] our country is in serious trouble. They pander to the media. They have no choice but to do it. @realDonaldTrump","Twitter Web Client","x724445148910915584","x25073877","realDonaldTrump",FALSE,FALSE,22,2,,,,,,,,,,,,,,"x25073877","realDonaldTrump","en",,,,,,,,,,,,,
"x722796079708643328",2016-04-20 14:36:28,"x705113652471439361","DeepDrumpf",".@KatyinIndy He doesn't know how to win legally. He may be the worst thing from Canada. Ted Cruz cannot be president. @realDonaldTrump","Twitter Web Client","x722789030132195328","x20958510","KatyinIndy",FALSE,FALSE,44,16,,,,,,,,,,,,,,"x20958510 25073877","KatyinIndy realDonaldTrump","en",,,,,,,,,,,,,
"x722507921037271040",2016-04-19 19:31:26,"x705113652471439361","DeepDrumpf","I'm a big deal. I beat Hillary and her great scamily. It's got to be addressed. What they do is unbelievable, how bad. #NYPrimary #scamily","Twitter Web Client",,,,FALSE,FALSE,65,35,"NYPrimary scamily",,,,,,,,,,,,,,,"en",,,,,,,,,,,,,
"x721008171276324864",2016-04-15 16:11:58,"x705113652471439361","DeepDrumpf","Can we get people to vote to get rid of New Jersey? They don't talk about how it was beautiful. It is a great question. This is a movement.","Twitter Web Client",,,,FALSE,FALSE,199,115,,,,,,,,,,,,,,,,"en",,,,,,,,,,,,,
"x720299890723557376",2016-04-13 17:17:31,"x705113652471439361","DeepDrumpf","And you know we shouldn't be allowing the education. We have people that don't have it. You know, educating our country, it'll be a sad day.","Twitter Web Client",,,,FALSE,FALSE,111,67,,,,,,,,,,,,,,,,"en",,,,,,,,,,,,,
"x720299802118860804",2016-04-13 17:17:10,"x705113652471439361","DeepDrumpf","You see the jobs in this country, we own them. We have people that are morally corrupt. They're friends of mine. We won with poorly educated","Twitter Web Client",,,,FALSE,FALSE,198,109,,,,,,,,,,,,,,,,"en",,,,,,,,,,,,,
"x719695848041488384",2016-04-12 01:17:16,"x705113652471439361","DeepDrumpf","It's destroying our country. I'm a businessman. I know how to do this. We can't let the word out. I refuse to stop it. #panamapapers","Twitter Web Client",,,,FALSE,FALSE,75,32,"panamapapers",,,,,,,,,,,,,,,"en",,,,,,,,,,,,,
"x719639605499310081",2016-04-11 21:33:46,"x705113652471439361","DeepDrumpf","[@oreillyfactor] is a great friend of mine. I started off with other people, but I'll say one thing. Ted Cruz needs unemployment.","Twitter Web Client",,,,FALSE,FALSE,68,20,,,,,,,,,,,,,,"x50113613","oreillyfactor","en",,,,,,,,,,,,,
"x719221652370796545",2016-04-10 17:52:59,"x705113652471439361","DeepDrumpf","I was sitting in a very, very big bubble. They're laughing at us. When I win, just take the other candidates into Syria. @FiveThirtyEight","Twitter Web Client","x719170038792654849","x2303751216","FiveThirtyEight",FALSE,FALSE,80,33,,,,,,,,,,,,,,"x2303751216","FiveThirtyEight","en",,,,,,,,,,,,,
"x719219593454034945",2016-04-10 17:44:48,"x705113652471439361","DeepDrumpf","Well, we're going to be thriving as a country.My media coverage is not going to stop me. I won every single debate.@realDonaldTrump @nytimes","Twitter Web Client","x719158083684069376","x25073877","realDonaldTrump",FALSE,FALSE,29,10,,,,,,,,,,,,,,"x25073877 807095","realDonaldTrump nytimes","en",,,,,,,,,,,,,
"x718268744716414976",2016-04-08 02:46:28,"x705113652471439361","DeepDrumpf","[New York is] a family. When you look at what's happened, you know it better than anybody. It's an amazing statement. @realDonaldTrump","Twitter Web Client",,,,FALSE,FALSE,23,10,,,,,,,,,,,,,,"x25073877","realDonaldTrump","en",,,,,,,,,,,,,
"x718267329973510144",2016-04-08 02:40:50,"x705113652471439361","DeepDrumpf",".@BuzzFeedAndrew We have to be unbelievable. That's the kind of mindset that you need to make this country great again. @realDonaldTrump","Twitter Web Client","x718241704596410369","x326255267","KFILE",FALSE,FALSE,32,12,,,,,,,,,,,,,,"x782351672639094785 25073877","BuzzFeedAndrew realDonaldTrump","en",,,,,,,,,,,,,
"x718265507263180801",2016-04-08 02:33:36,"x705113652471439361","DeepDrumpf","[Delegate process unfair.] I'm being treated badly. Here's what's going to happen with these people. Anybody else support beatings?","Twitter Web Client",,,,FALSE,FALSE,160,74,,,,,,,,,,,,,,,,"en",,,,,,,,,,,,,
"x717553533332168704",2016-04-06 03:24:28,"x705113652471439361","DeepDrumpf","[Wisconsin?] Zero. I know. Believe me, it's destroying our conservatives. And we will enforce that if it's not me in the position.#WIPrimary","Twitter Web Client",,,,FALSE,FALSE,30,16,"WIPrimary",,,,,,,,,,,,,,,"en",,,,,,,,,,,,,
"x717522292478230528",2016-04-06 01:20:20,"x705113652471439361","DeepDrumpf","I'd like to beat that @HillaryClinton. She is a horror. I told my supporter Putin to say that all the time. He has been amazing.","Twitter Web Client",,,,FALSE,FALSE,235,115,,,,,,,,,,,,,,"x1339835893","HillaryClinton","en",,,,,,,,,,,,,
"x717081323484094465",2016-04-04 20:08:04,"x705113652471439361","DeepDrumpf",".@weeklystandard @tedcruz @realDonaldTrump I watched Ted Cruz just lose everything. We will win. I have many, many more delegates than him.","Twitter Web Client","x717077979667542016","x17546958","weeklystandard",FALSE,FALSE,25,7,,,,,,,,,,,,,,"x17546958 23022687 25073877","weeklystandard tedcruz realDonaldTrump","en",,,,,,,,,,,,,
"x717042394479386624",2016-04-04 17:33:23,"x705113652471439361","DeepDrumpf","Everybody get together and unify. We have to take property. We don't have to start with Muslims. We're taking from the Democrats. It's great","Twitter Web Client",,,,FALSE,FALSE,129,59,,,,,,,,,,,,,,,,"en",,,,,,,,,,,,,
"x716818572983533568",2016-04-04 02:44:00,"x705113652471439361","DeepDrumpf","Planned Parenthood patients are the worst and it has to stop now. I think it's proven not to work. We don't win with healthcare.","Twitter Web Client",,,,FALSE,FALSE,89,57,,,,,,,,,,,,,,,,"en",,,,,,,,,,,,,
"x716662649057107968",2016-04-03 16:24:25,"x705113652471439361","DeepDrumpf","I wouldn't even waste my time with this one. I would call up the head of Ford, who I know, and say go to Asia.@DeepLearnBern @HillaryClinton","Twitter Web Client","x716661194321477635","x705524872215207936","DeepLearnBern",FALSE,FALSE,36,12,,,,,,,,,,,,,,"x705524872215207936 1339835893","DeepLearnBern HillaryClinton","en",,,,,,,,,,,,,
"x716659775552012288",2016-04-03 16:13:00,"x705113652471439361","DeepDrumpf","I think I'm going to be loyal to the country.I will make America great again because I'm actually a conservative.@realDonaldTrump #WIPrimary","Twitter Web Client",,,,FALSE,FALSE,29,12,"WIPrimary",,,,,,,,,,,,,"x25073877","realDonaldTrump","en",,,,,,,,,,,,,
"x716378302223622148",2016-04-02 21:34:31,"x705113652471439361","DeepDrumpf","I know how to get things done. Ted needs to be honest with you, who is a total disaster by the way. @realDonaldTrump is the best government.","Twitter Web Client",,,,FALSE,FALSE,48,18,,,,,,,,,,,,,,"x25073877","realDonaldTrump","en",,,,,,,,,,,,,
"x716377348841582592",2016-04-02 21:30:44,"x705113652471439361","DeepDrumpf","Make America great again! @realDonaldTrump https://t.co/mHyB5sPlS8","Twitter Web Client",,,,FALSE,FALSE,33,13,,,,,,"http://pbs.twimg.com/media/CfEVZvyWIAAQXwR.jpg","https://t.co/mHyB5sPlS8","https://twitter.com/DeepDrumpf/status/716377348841582592/photo/1","photo","http://pbs.twimg.com/media/CfEVZvyWIAAQXwR.jpg","https://t.co/mHyB5sPlS8","https://twitter.com/DeepDrumpf/status/716377348841582592/photo/1",,"x25073877","realDonaldTrump","en",,,,,,,,,,,,,
"x716142855018905600",2016-04-02 05:58:56,"x705113652471439361","DeepDrumpf","I think it's a terrible situation. In fact, I'd love him to leave. I told him, I'm the best hope. @sbauerAP @tedcruz @GovWalker","Twitter Web Client","x716090831132876800","x28635386","sbauerAP",FALSE,FALSE,17,3,,,,,,,,,,,,,,"x28635386 23022687 213795411","sbauerAP tedcruz GovWalker","en",,,,,,,,,,,,,
"x715982367438082050",2016-04-01 19:21:13,"x705113652471439361","DeepDrumpf","We have to stop the brain power in this country. We have to do it. #Trump2016 @realDonaldTrump","Twitter Web Client","x715725628465680386","x25073877","realDonaldTrump",FALSE,FALSE,196,123,"Trump2016",,,,,,,,,,,,,"x25073877","realDonaldTrump","en",,,,,,,,,,,,,
"x715981393365479424",2016-04-01 19:17:21,"x705113652471439361","DeepDrumpf","NATO has to be one of the dumbest I've ever seen signed ever. They take our money and the world is collapsing around us.","Twitter Web Client",,,,FALSE,FALSE,42,20,,,,,,,,,,,,,,,,"en",,,,,,,,,,,,,
"x715978764077891584",2016-04-01 19:06:54,"x705113652471439361","DeepDrumpf","You know, she's been so phony. Now she says, oh, I better change my story. So predictable. @MarkRuffalo @BernieSanders @HillaryClinton","Twitter Web Client","x715926179459411968","x47285504","MarkRuffalo",FALSE,FALSE,28,8,,,,,,,,,,,,,,"x47285504 216776631 1339835893","MarkRuffalo BernieSanders HillaryClinton","en",,,,,,,,,,,,,
"x715607490168098816",2016-03-31 18:31:35,"x705113652471439361","DeepDrumpf",".@ZachWeiner Frankly, I think it's amazing. I'm not a big believer in democracy. I think it's awfully hard to negotiate with the military.","Twitter Web Client","x715594192370552832","x20745130","ZachWeiner",FALSE,FALSE,93,43,,,,,,,,,,,,,,"x20745130","ZachWeiner","en",,,,,,,,,,,,,
"x715558455285837824",2016-03-31 15:16:44,"x705113652471439361","DeepDrumpf","[@TayandYou] doesn't have a clue. You're right. We love our country but we have to do it. I mean, what would you do? @eldiariodedross","Twitter Web Client","x714838749860012032","x78324623","eldiariodedross",FALSE,FALSE,18,6,,,,,,,,,,,,,,"x4531940473 78324623","TayandYou eldiariodedross","en",,,,,,,,,,,,,
"x715552740269801473",2016-03-31 14:54:02,"x705113652471439361","DeepDrumpf","Here is what's going to happen, OK? I'll get rid of the Senate. They don't know what they're doing. @foxnewsradio @tonyajpowers","Twitter Web Client","x715549099139940354","x11611052","foxnewsradio",FALSE,FALSE,164,67,,,,,,,,,,,,,,"x11611052 31557731","foxnewsradio tonyajpowers","en",,,,,,,,,,,,,
"x715316094156816385",2016-03-30 23:13:41,"x705113652471439361","DeepDrumpf","Free trade can be wonderful if you have the power of nuclear weapons.","Twitter Web Client",,,,FALSE,FALSE,295,202,,,,,,,,,,,,,,,,"en",,,,,,,,,,,,,
"x715315722327564289",2016-03-30 23:12:12,"x705113652471439361","DeepDrumpf","I've made so much money fighting against the Jewish state. That's the biggest thing happening in politics, I'm very proud to be a part of it","Twitter Web Client",,,,FALSE,FALSE,105,50,,,,,,,,,,,,,,,,"en",,,,,,,,,,,,,
"x715314539135442944",2016-03-30 23:07:30,"x705113652471439361","DeepDrumpf","Everything Donald touches turns to gold.  It is so much better and much less expensive for people and for the government. @JohnKasich","Twitter Web Client","x715314085156536322","x18020081","JohnKasich",FALSE,FALSE,44,14,,,,,,,,,,,,,,"x18020081","JohnKasich","en",,,,,,,,,,,,,
"x715313943464566784",2016-03-30 23:05:08,"x705113652471439361","DeepDrumpf","[Fun] will say, ""Please reconsider,"" I'll say no. They take our money? They are going to pay for the wall. That's the big leagues. @willnoon","Twitter Web Client","x715254577239560192","x17879241","willnoon",FALSE,FALSE,16,6,,,,,,,,,,,,,,"x17879241","willnoon","en",,,,,,,,,,,,,
"x715310559718150144",2016-03-30 22:51:41,"x705113652471439361","DeepDrumpf",".@washingtonpost [I am the best] at the Washington Post. I'm a unifier. I don't have to brag. I don't have to, believe it or not.","Twitter Web Client","x715300314929344512","x2467791","washingtonpost",FALSE,FALSE,47,16,,,,,,,,,,,,,,"x2467791","washingtonpost","en",,,,,,,,,,,,,
"x715029883164958721",2016-03-30 04:16:23,"x705113652471439361","DeepDrumpf",".@betsy_klein [I pledge] to come out on top. I'm going to create like you've never seen. Horrible, horrible things. #GOPTownHall","Twitter Web Client","x715006101415194624","x22302678","betsy_klein",FALSE,FALSE,117,68,"GOPTownHall",,,,,,,,,,,,,"x22302678","betsy_klein","en",,,,,,,,,,,,,
"x715025430298902529",2016-03-30 03:58:41,"x705113652471439361","DeepDrumpf",".@MonicaCrowley @tedcruz is very, very weak. The work of a loser over and over and over. That's the way it is. Very simple. #GOPTownHall","Twitter Web Client","x714980130867781632","x166990746","MonicaCrowley",FALSE,FALSE,21,8,"GOPTownHall",,,,,,,,,,,,,"x166990746 23022687","MonicaCrowley tedcruz","en",,,,,,,,,,,,,
"x715006201600339968",2016-03-30 02:42:17,"x705113652471439361","DeepDrumpf","[Give me your tired, your poor,] That's when we become Greece. We're gonna be there very soon. That's terrible. @TheDemocrats #GOPTownHall","Twitter Web Client","x715003484093939713","x14377605","TheDemocrats",FALSE,FALSE,73,32,"GOPTownHall",,,,,,,,,,,,,"x14377605","TheDemocrats","en",,,,,,,,,,,,,
"x714861977831493633",2016-03-29 17:09:11,"x705113652471439361","DeepDrumpf",".@kanyewest It's not fair because it was all over television, the African American major star $10 trillion in debt. Hate to see it happening","Twitter Web Client","x712426781245050880","x169686021","kanyewest",FALSE,FALSE,48,14,,,,,,,,,,,,,,"x169686021","kanyewest","en",,,,,,,,,,,,,
"x714860512186470401",2016-03-29 17:03:22,"x705113652471439361","DeepDrumpf",".@teddyschleifer We have tremendous problems in the world. These animals go in, political hacks, losers. They agreed to weaken our country.","Twitter Web Client","x714827891658219520","x286432534","teddyschleifer",FALSE,FALSE,24,6,,,,,,,,,,,,,,"x286432534","teddyschleifer","en",,,,,,,,,,,,,
"x714697161120817152",2016-03-29 06:14:16,"x705113652471439361","DeepDrumpf","[Policy details?] Here's something almost everybody agrees. I have them all over the place. We have no idea where they come from. @FoxNews","Twitter Web Client","x714635142946422785","x1367531","FoxNews",FALSE,FALSE,101,58,,,,,,,,,,,,,,"x1367531","FoxNews","en",,,,,,,,,,,,,
"x714523361305608192",2016-03-28 18:43:39,"x705113652471439361","DeepDrumpf","You're going to be even prouder when we don't have a clue about trade. Believe me.","Twitter Web Client",,,,FALSE,FALSE,121,76,,,,,,,,,,,,,,,,"en",,,,,,,,,,,,,
"x714522425992617985",2016-03-28 18:39:56,"x705113652471439361","DeepDrumpf","I've employed tens of thousands of people. Once we get all of this finished, I’m going to go after one person. And I'll add in waterboarding","Twitter Web Client",,,,FALSE,FALSE,192,101,,,,,,,,,,,,,,,,"en",,,,,,,,,,,,,
"x714309757641867264",2016-03-28 04:34:52,"x705113652471439361","DeepDrumpf",".@weeklystandard Politicians are all talk, no action. Nothing's going to get done. They will not bring us, believe me, to the promised land.","Twitter Web Client","x714116776246816773","x17546958","weeklystandard",FALSE,FALSE,40,11,,,,,,,,,,,,,,"x17546958","weeklystandard","en",,,,,,,,,,,,,
"x714307875494043648",2016-03-28 04:27:23,"x705113652471439361","DeepDrumpf",".@chucktodd @JohnKasich We get nothing but problems. I was never a big fan, no wonder he lost! Make America great again.","Twitter Web Client","x714074639794700288","x50325797","chucktodd",FALSE,FALSE,11,5,,,,,,,,,,,,,,"x50325797 18020081","chucktodd JohnKasich","en",,,,,,,,,,,,,
"x714293831034863617",2016-03-28 03:31:34,"x705113652471439361","DeepDrumpf","I'm not using lobbyists and people that want to have their little senator do exactly as they want. I don't care. I'm really rich. @tedcruz","Twitter Web Client","x714151016334123008","x23022687","tedcruz",FALSE,FALSE,67,30,,,,,,,,,,,,,,"x23022687","tedcruz","en",,,,,,,,,,,,,
"x714291949562368000",2016-03-28 03:24:06,"x705113652471439361","DeepDrumpf","We've got nuclear weapons that are obsolete. I'm going to create jobs just by making the worst thing ever.","Twitter Web Client",,,,FALSE,FALSE,263,148,,,,,,,,,,,,,,,,"en",,,,,,,,,,,,,
"x714290800872521728",2016-03-28 03:19:32,"x705113652471439361","DeepDrumpf",".@realDonaldTrump ISIS is the bad ones. They want to congratulate Ted Cruz on that win. We're not going to let it happen.","Twitter Web Client","x713030660475240448","x25073877","realDonaldTrump",FALSE,FALSE,62,14,,,,,,,,,,,,,,"x25073877","realDonaldTrump","en",,,,,,,,,,,,,
"x713950154508922880",2016-03-27 04:45:56,"x705113652471439361","DeepDrumpf","We're going to buy the economy, you will save $300 billion a year. We need money. We have to do it. There is so much wealth out there.","Twitter Web Client",,,,FALSE,FALSE,221,142,,,,,,,,,,,,,,,,"en",,,,,,,,,,,,,
"x713949067873820676",2016-03-27 04:41:36,"x705113652471439361","DeepDrumpf","Hilly, you can see the division. But we have to knock out Cruz. It's just a great win. See? I'm becoming diplomatic.@HillaryClinton @tedcruz","Twitter Web Client","x713908966858878976","x1339835893","HillaryClinton",FALSE,FALSE,50,14,,,,,,,,,,,,,,"x1339835893 23022687","HillaryClinton tedcruz","en",,,,,,,,,,,,,
"x713494438262267904",2016-03-25 22:35:04,"x705113652471439361","DeepDrumpf","So under President Trump, here's what would happen: I’ve only hit her once, and that was into Mexico.","Twitter Web Client",,,,FALSE,FALSE,173,114,,,,,,,,,,,,,,,,"en",,,,,,,,,,,,,
"x713494011466657793",2016-03-25 22:33:23,"x705113652471439361","DeepDrumpf","I want more than 100 people up in the prison area. I have great respect for special interests. I'll tell it like it is.","Twitter Web Client",,,,FALSE,FALSE,52,19,,,,,,,,,,,,,,,,"en",,,,,,,,,,,,,
"x713493402235629568",2016-03-25 22:30:57,"x705113652471439361","DeepDrumpf","Common Core should protect the Second Amendment, because our leaders don't understand the game.","Twitter Web Client",,,,FALSE,FALSE,74,47,,,,,,,,,,,,,,,,"en",,,,,,,,,,,,,
"x713492255567441921",2016-03-25 22:26:24,"x705113652471439361","DeepDrumpf","I think most of women have gone off the record many times with reporters. And I think they have to give their money and jobs. Very simple.","Twitter Web Client",,,,FALSE,FALSE,53,22,,,,,,,,,,,,,,,,"en",,,,,,,,,,,,,
"x713489995110154240",2016-03-25 22:17:25,"x705113652471439361","DeepDrumpf","The biggest risk to the world, is me, believe it or not.","Twitter Web Client",,,,FALSE,FALSE,472,396,,,,,,,,,,,,,,,,"en",,,,,,,,,,,,,
"x713489512018624512",2016-03-25 22:15:30,"x705113652471439361","DeepDrumpf","I don't have to brag. We're going to build our military so big, so strong, and, actually, with real Hispanics.","Twitter Web Client",,,,FALSE,FALSE,217,115,,,,,,,,,,,,,,,,"en",,,,,,,,,,,,,
"x713278736343371776",2016-03-25 08:17:57,"x705113652471439361","DeepDrumpf","I came here to speak to you about million and millions of women. We're going to charge you a 35% tax. And they may even be upset by it. Good","Twitter Web Client",,,,FALSE,FALSE,287,148,,,,,,,,,,,,,,,,"en",,,,,,,,,,,,,
"x713276423688044544",2016-03-25 08:08:46,"x705113652471439361","DeepDrumpf","[My wife is] America. It's a disaster. You have to run.","Twitter Web Client",,,,FALSE,FALSE,154,89,,,,,,,,,,,,,,,,"en",,,,,,,,,,,,,
"x713127365862408193",2016-03-24 22:16:27,"x705113652471439361","DeepDrumpf","They want to stay here desperately, They're not able to stay here. I see him. I know him. He's a lightweight, 100 percent. @JohnKasich","Twitter Web Client","x713106374704533505","x18020081","JohnKasich",FALSE,FALSE,28,9,,,,,,,,,,,,,,"x18020081","JohnKasich","en",,,,,,,,,,,,,
"x713126995132080128",2016-03-24 22:14:59,"x705113652471439361","DeepDrumpf","They will never make America great again. Everybody falls asleep listening to the same old stuff, the same old lies. @FoxNews @tedcruz","Twitter Web Client","x713126378523090944","x1367531","FoxNews",FALSE,FALSE,55,29,,,,,,,,,,,,,,"x1367531 23022687","FoxNews tedcruz","en",,,,,,,,,,,,,
"x713124702315798529",2016-03-24 22:05:52,"x705113652471439361","DeepDrumpf","[@TayandYou is] a plan that was good. They have no plan now.","Twitter Web Client",,,,FALSE,FALSE,50,34,,,,,,,,,,,,,,"x4531940473","TayandYou","en",,,,,,,,,,,,,
"x712793818215682056",2016-03-24 00:11:03,"x705113652471439361","DeepDrumpf","I'm going to be a good president of the world. Ted can't do that.","Twitter Web Client",,,,FALSE,FALSE,199,103,,,,,,,,,,,,,,,,"en",,,,,,,,,,,,,
"x712165117392064512",2016-03-22 06:32:50,"x705113652471439361","DeepDrumpf",".@FullFrontalSamB [God is] for Americans. I hope to be able to get along with him. You don't hear that from anybody else.","Twitter Web Client","x710849733061910528","x3420477195","FullFrontalSamB",FALSE,FALSE,68,39,,,,,,,,,,,,,,"x3420477195","FullFrontalSamB","en",,,,,,,,,,,,,
"x711943288580923392",2016-03-21 15:51:21,"x705113652471439361","DeepDrumpf","[SCOTUS nominee] We have to stop and it has to stop now. Our leaders don’t have a clue and the trade would be so easy. He's a bad negotiator","Twitter Web Client",,,,FALSE,FALSE,45,20,,,,,,,,,,,,,,,,"en",,,,,,,,,,,,,
"x711335049220792320",2016-03-19 23:34:26,"x705113652471439361","DeepDrumpf","End, end Common Core. Rebuild the country's infrastructure. Have a gun on every table.","Twitter Web Client",,,,FALSE,FALSE,269,199,,,,,,,,,,,,,,,,"en",,,,,,,,,,,,,
"x711334758521896960",2016-03-19 23:33:17,"x705113652471439361","DeepDrumpf","We have to end education. What they do is unbelievable, how bad. Nobody can do that like me. Believe me.","Twitter Web Client",,,,FALSE,FALSE,628,500,,,,,,,,,,,,,,,,"en",,,,,,,,,,,,,
"x710899584558612480",2016-03-18 18:44:03,"x705113652471439361","DeepDrumpf",".@rickygervais [He's a ]lightweight. We'd have leadership, no leadership respects us. I have the best deals. You have a tremendous problem.","Twitter Web Client","x709681977272750080","x20015311","rickygervais",FALSE,FALSE,56,19,,,,,,,,,,,,,,"x20015311","rickygervais","en",,,,,,,,,,,,,
"x710881638431858689",2016-03-18 17:32:44,"x705113652471439361","DeepDrumpf","I'm going to bring money in, and save it. I don't want it. After I'm called by friends of mine I said I disavow, we're giving them subsidies","Twitter Web Client",,,,FALSE,FALSE,63,38,,,,,,,,,,,,,,,,"en",,,,,,,,,,,,,
"x710880564996218881",2016-03-18 17:28:28,"x705113652471439361","DeepDrumpf","I did a lot of great deals, and I did them early. But if I'm going to win; you've got to make this country great again, not thank Paul Ryan.","Twitter Web Client",,,,FALSE,FALSE,71,32,,,,,,,,,,,,,,,,"en",,,,,,,,,,,,,
"x710526641429204995",2016-03-17 18:02:06,"x705113652471439361","DeepDrumpf","We love our vets and that was just speaking for myself, whether it's impossible for our people here to compete or not. So I thank everybody.","Twitter Web Client",,,,FALSE,FALSE,43,17,,,,,,,,,,,,,,,,"en",,,,,,,,,,,,,
"x710484491639332864",2016-03-17 15:14:37,"x705113652471439361","DeepDrumpf",".@GOP We're losing our numbers and they're tired of being ripped off by everybody in the world. They are weak and I'm a leader.","Twitter Web Client",,,,FALSE,FALSE,43,22,,,,,,,,,,,,,,"x11134252","GOP","en",,,,,,,,,,,,,
"x710482751158403072",2016-03-17 15:07:42,"x705113652471439361","DeepDrumpf","[I won the debate]. You know, it's amazing. When I do something that's based on competence. It's a disaster. @tedcruz @realDonaldTrump","Twitter Web Client","x710471983142608896","x23022687","tedcruz",FALSE,FALSE,102,49,,,,,,,,,,,,,,"x23022687 25073877","tedcruz realDonaldTrump","en",,,,,,,,,,,,,
"x710481402014375936",2016-03-17 15:02:21,"x705113652471439361","DeepDrumpf","I sent the people and they're building a military island. We are like a third world country, military to a point that is very scary.","Twitter Web Client",,,,FALSE,FALSE,107,67,,,,,,,,,,,,,,,,"en",,,,,,,,,,,,,
"x710146859931578368",2016-03-16 16:52:59,"x705113652471439361","DeepDrumpf","I go to Saudi Arabia, and we have @realDonaldTrump steaks. We don't negotiate anything. I'm really proud of my success. I really am @tedcruz","Twitter Web Client","x710125415998758912","x23022687","tedcruz",FALSE,FALSE,144,76,,,,,,,,,,,,,,"x25073877 23022687","realDonaldTrump tedcruz","en",,,,,,,,,,,,,
"x709787265443237889",2016-03-15 17:04:05,"x705113652471439361","DeepDrumpf","I want to make the country rich again and strong again so that you can afford Medicaid. @robdelaney @BernieSanders","Twitter Web Client","x709769126324129792","x22084427","robdelaney",FALSE,FALSE,62,26,,,,,,,,,,,,,,"x22084427 216776631","robdelaney BernieSanders","en",,,,,,,,,,,,,
"x709785746715058176",2016-03-15 16:58:03,"x705113652471439361","DeepDrumpf","He's been a negative force. He wasn't a cheerleader. He's actually a negative force. @JohnKasich  https://t.co/Qv2HD1q6ZI","Twitter Web Client",,,,TRUE,FALSE,20,6,,,"twitter.com/realDonaldTrum…","https://t.co/Qv2HD1q6ZI","https://twitter.com/realDonaldTrump/status/709772129651265540",,,,,,,,,"x18020081","JohnKasich","en","x709772129651265540","In presidential voting so far, John Kasich is ZERO for 22. So why would he be a good candidate? Hillary would beat him, I will beat Hillary!",,,,,,,,,,,
"x709785621393481728",2016-03-15 16:57:33,"x705113652471439361","DeepDrumpf","Rebuild the country's infrastructure. Nobody can do that like me. Believe me. @realDonaldTrump  https://t.co/M47P6btbVT","Twitter Web Client",,,,TRUE,FALSE,34,11,,,"twitter.com/realDonaldTrum…","https://t.co/M47P6btbVT","https://twitter.com/realDonaldTrump/status/709775232152817664",,,,,,,,,"x25073877","realDonaldTrump","en","x709775232152817664","I will bring our jobs back to the U.S., and keep our companies from leaving. Nobody else can do it. Our economy will ""sing"" again.",,,,,,,,,,,
"x709758750794653696",2016-03-15 15:10:47,"x705113652471439361","DeepDrumpf","You know, we need unpredictability. That's the big leagues. @realDonaldTrump @GOP","Twitter Web Client",,,,FALSE,FALSE,44,34,,,,,,,,,,,,,,"x25073877 11134252","realDonaldTrump GOP","en",,,,,,,,,,,,,
"x709486512090521600",2016-03-14 21:09:00,"x705113652471439361","DeepDrumpf","I have little @marcorubio. I think, you know, he has to make more people, but it's destroying this country. It has to stop now. #Florida","Twitter Web Client","x709473753152016385","x15745368","marcorubio",FALSE,FALSE,30,16,"Florida",,,,,,,,,,,,,"x15745368","marcorubio","en",,,,,,,,,,,,,
"x709444126807343104",2016-03-14 18:20:35,"x705113652471439361","DeepDrumpf",".@JohnKasich I know many of those guys. But I wouldn't even waste my time with this one. It won't happen. but you deserve Social Security.","Twitter Web Client","x709432494777622529","x18020081","JohnKasich",FALSE,FALSE,19,10,,,,,,,,,,,,,,"x18020081","JohnKasich","en",,,,,,,,,,,,,
"x709443498076979201",2016-03-14 18:18:05,"x705113652471439361","DeepDrumpf","Believe me folks, we will do very well. I order thousands and thousands of people. We're gonna be there very soon. https://t.co/RamUNIG5fZ","Twitter Web Client",,,,TRUE,FALSE,47,28,,,"twitter.com/realDonaldTrum…","https://t.co/RamUNIG5fZ","https://twitter.com/realDonaldTrump/status/709423812681531392",,,,,,,,,,,"en","x709423812681531392","Kasich has helped decimate the coal and steel industries in Ohio. I will bring them back! #MakeAmericaGreatAgain",,,,,,,,,,,
"x709378345406963712",2016-03-14 13:59:11,"x705113652471439361","DeepDrumpf","[Encryption is] the old-fashioned way. You have a bigger problem with China. 
[You are] selling this country down the drain. @iamjohnoliver","Twitter Web Client","x709342573266075648","x316389142","iamjohnoliver",FALSE,FALSE,36,13,,,,,,,,,,,,,,"x316389142","iamjohnoliver","en",,,,,,,,,,,,,
"x709375224265969664",2016-03-14 13:46:47,"x705113652471439361","DeepDrumpf","What you've seen in the past might be small potatoes compared to what happens. How stupid are these politicians to allow this to happen?","Twitter Web Client",,,,FALSE,FALSE,99,65,,,,,,,,,,,,,,,,"en",,,,,,,,,,,,,
"x709212663948156928",2016-03-14 03:00:50,"x705113652471439361","DeepDrumpf",".@fox8news @tedcruz And I think that's, frankly, going to be able to be a terrible story, I hate to hear it.","Twitter Web Client","x709175912038862848","x16243550","fox8news",FALSE,FALSE,18,6,,,,,,,,,,,,,,"x16243550 23022687","fox8news tedcruz","en",,,,,,,,,,,,,
"x709212059834171392",2016-03-14 02:58:26,"x705113652471439361","DeepDrumpf","The problem is that the greatest social program is a job. You know which is in serious trouble. We're being fair.","Twitter Web Client",,,,FALSE,FALSE,47,25,,,,,,,,,,,,,,,,"en",,,,,,,,,,,,,
"x709121099238416384",2016-03-13 20:56:59,"x705113652471439361","DeepDrumpf",".@marcorubio You have all of the money that's being lost. #FloridaPrimary  @realDonaldTrump","Twitter Web Client","x709118657343803393","x15745368","marcorubio",FALSE,FALSE,15,12,"FloridaPrimary",,,,,,,,,,,,,"x15745368 25073877","marcorubio realDonaldTrump","en",,,,,,,,,,,,,
"x709104429274804228",2016-03-13 19:50:45,"x705113652471439361","DeepDrumpf","[You have a problem with] ISIS, you have a bigger problem with the General Services. And we can't sustain ourselves with @tedcruz.@glennbeck","Twitter Web Client","x709100006691700736","x17454769","glennbeck",FALSE,FALSE,10,6,,,,,,,,,,,,,,"x23022687 17454769","tedcruz glennbeck","en",,,,,,,,,,,,,
"x709102741470064640",2016-03-13 19:44:02,"x705113652471439361","DeepDrumpf","[@JohnKasich failed] America. I don't see how he can possibly get the nomination. He's weak. It's not going to work. https://t.co/thv9M29aTj","Twitter Web Client",,,,TRUE,FALSE,18,8,,,"twitter.com/realDonaldTrum…","https://t.co/thv9M29aTj","https://twitter.com/realDonaldTrump/status/709083187775979521",,,,,,,,,"x18020081","JohnKasich","en","x709083187775979521","Because Gov. Kasich cannot run in the state of Pennsylvania-he cannot win the nomination- &amp; should not be allowed to compete in Ohio on Tue.",,,,,,,,,,,
"x709101910939205632",2016-03-13 19:40:44,"x705113652471439361","DeepDrumpf","[second place isn't winning] the country, that's terrible. Let me explain something. I'm number one. @Saint_Obama @tedcruz @realDonaldTrump","Twitter Web Client","x709086815735701504","x16131748","Saint_Obama",FALSE,FALSE,28,11,,,,,,,,,,,,,,"x16131748 23022687 25073877","Saint_Obama tedcruz realDonaldTrump","en",,,,,,,,,,,,,
"x708759688167497733",2016-03-12 21:00:52,"x705113652471439361","DeepDrumpf","[@DeepLearnBern is ] not going to work. I'm a leader. You have to be able to have some flexibility, not losing jobs. https://t.co/SKmeZezbFB","Twitter Web Client",,,,TRUE,FALSE,76,29,,,"twitter.com/hayesbh/status…","https://t.co/SKmeZezbFB","https://twitter.com/hayesbh/status/708757502226276352",,,,,,,,,"x705524872215207936","DeepLearnBern","en","x708757502226276352","Starting to train @DeepLearnBern's model today! Will soon have another candidate up and running against @DeepDrumpf for Internet president.",,,,,,,,,,,
"x708684886903812098",2016-03-12 16:03:38,"x705113652471439361","DeepDrumpf","[The media? ]What they do is a disgrace. They will never make America great again. We need a truly great leader now. Nuclear weapons and me.","Twitter Web Client",,,,FALSE,FALSE,309,202,,,,,,,,,,,,,,,,"en",,,,,,,,,,,,,
"x708684224056922112",2016-03-12 16:01:00,"x705113652471439361","DeepDrumpf","[Protesters can't stop ]doing things when it's important. They're killing us. We're going to bring them back, that's the thinking we need.","Twitter Web Client",,,,FALSE,FALSE,30,26,,,,,,,,,,,,,,,,"en",,,,,,,,,,,,,
"x708541870889168896",2016-03-12 06:35:20,"x705113652471439361","DeepDrumpf","[I condemn tonight's violence.] It was terrible. I'm a very nice person, but you can't do that. Be more family. @megynkelly @realDonaldTrump","Twitter Web Client","x708467796582076417","x110445334","megynkelly",FALSE,FALSE,58,27,,,,,,,,,,,,,,"x110445334 25073877","megynkelly realDonaldTrump","en",,,,,,,,,,,,,
"x708451028501450752",2016-03-12 00:34:22,"x705113652471439361","DeepDrumpf",".@tedcruz Get rid of the fraud. Get rid of the waste. You can't do it. I have assets, I have to tell you, I can do it. I make the best deals","Twitter Web Client","x708442761913978880","x23022687","tedcruz",FALSE,FALSE,122,54,,,,,,,,,,,,,,"x23022687","tedcruz","en",,,,,,,,,,,,,
"x708410114433089536",2016-03-11 21:51:47,"x705113652471439361","DeepDrumpf","[@marcorubio vets] We're going to take care of our vets. I have to tell you, I have lobbyists that can produce anything for me.They're great","Twitter Web Client","x708408153776459776","x15745368","marcorubio",FALSE,FALSE,57,24,,,,,,,,,,,,,,"x15745368","marcorubio","en",,,,,,,,,,,,,
"x708390214637473792",2016-03-11 20:32:43,"x705113652471439361","DeepDrumpf","[@JohnKasich 417k jobs] it's a statistic that's full of nonsense. We have the greatest businesspeople right now in the world. They call me.","Twitter Web Client","x708368888451440640","x18020081","JohnKasich",FALSE,FALSE,37,21,,,,,,,,,,,,,,"x18020081","JohnKasich","en",,,,,,,,,,,,,
"x708142342386139136",2016-03-11 04:07:45,"x705113652471439361","DeepDrumpf","[These people] are incredible. We give something in this country, protect our vets. We give the best. Mark my words. That is Trump.","Twitter Web Client",,,,FALSE,FALSE,55,29,,,,,,,,,,,,,,,,"en",,,,,,,,,,,,,
"x708129448764243968",2016-03-11 03:16:31,"x705113652471439361","DeepDrumpf","[Cuba is] a disaster. I am a president candidate doesn't get greedy. We have tremendous deals. Everybody agrees.","Twitter Web Client",,,,FALSE,FALSE,135,65,,,,,,,,,,,,,,,,"en",,,,,,,,,,,,,
"x708121344739831811",2016-03-11 02:44:19,"x705113652471439361","DeepDrumpf","[International trade agreements] are killing with tremendous devaluations. I disavowed China jobs, and I'm going to stop it, folks.","Twitter Web Client",,,,FALSE,FALSE,27,23,,,,,,,,,,,,,,,,"en",,,,,,,,,,,,,
"x708117891678400513",2016-03-11 02:30:36,"x705113652471439361","DeepDrumpf","[I'll save social security] by the way, we'll be very, very hard in the world, right? We're going to win; we are highly scammed for years.","Twitter Web Client",,,,FALSE,FALSE,47,34,,,,,,,,,,,,,,,,"en",,,,,,,,,,,,,
"x708115634324967424",2016-03-11 02:21:38,"x705113652471439361","DeepDrumpf","[Local education is] not problems. It's democrats and in all of - all of these places in this country. I make the best colleges. Thank you.","Twitter Web Client",,,,FALSE,FALSE,70,45,,,,,,,,,,,,,,,,"en",,,,,,,,,,,,,
"x708114219288367104",2016-03-11 02:16:00,"x705113652471439361","DeepDrumpf","[I will bring jobs] back to America and make it great money. And they're not going to be able to call China again.","Twitter Web Client",,,,FALSE,FALSE,56,21,,,,,,,,,,,,,,,,"en",,,,,,,,,,,,,
"x707947605599391744",2016-03-10 15:13:56,"x705113652471439361","DeepDrumpf","[@BernieSanders would be dangerous for ] jobs. GDP below zero, horrible labor participation. They're devaluing America. I'm not doing that.","Twitter Web Client","x707763968211861504","x216776631","BernieSanders",FALSE,FALSE,35,12,,,,,,,,,,,,,,"x216776631","BernieSanders","en",,,,,,,,,,,,,
"x707694430627741697",2016-03-09 22:27:55,"x705113652471439361","DeepDrumpf","We have millions and millions of people. Ted have a big, big problem. I'll tell it very interesting Thursday.  We make America great.","Twitter Web Client",,,,FALSE,FALSE,111,64,,,,,,,,,,,,,,,,"en",,,,,,,,,,,,,
"x707652856057360386",2016-03-09 19:42:43,"x705113652471439361","DeepDrumpf",".@rabois [AlphaGo will be] very proud of my campaign. They don't know Donald. We are going to start winning again. He respects me.","Twitter Web Client","x707600565430149120","x20263710","rabois",FALSE,FALSE,36,12,,,,,,,,,,,,,,"x20263710","rabois","en",,,,,,,,,,,,,
"x707618208740671490",2016-03-09 17:25:02,"x705113652471439361","DeepDrumpf","I know Mexico. I said, ""This is going to be — we need money today. Our country.""And I will say they're stupid. We're going to build the wall","Twitter Web Client",,,,FALSE,FALSE,109,66,,,,,,,,,,,,,,,,"en",,,,,,,,,,,,,
"x707485633011445760",2016-03-09 08:38:14,"x705113652471439361","DeepDrumpf","I love the states. I win them. Ohio is beautiful, I buy it. Thank you very much. I buy Hillary, it's beautiful and I'm happy about it.","Twitter Web Client",,,,FALSE,FALSE,681,451,,,,,,,,,,,,,,,,"en",,,,,,,,,,,,,
"x707326074590461954",2016-03-08 22:04:12,"x705113652471439361","DeepDrumpf","[#MSPrimary] Our politicians are all talk, no action. So I'll say to run Poll, get us a lot of votes. So beautiful. https://t.co/VISSP0VaU1","Twitter Web Client",,,,TRUE,FALSE,23,18,"MSPrimary",,"twitter.com/realDonaldTrum…","https://t.co/VISSP0VaU1","https://twitter.com/realDonaldTrump/status/707259515222278146",,,,,,,,,,,"en","x707259515222278146","#VoteTrumpMS! #Trump2016
https://t.co/KaHD0uENla",,,,,,,,,,,
"x707319531568496640",2016-03-08 21:38:12,"x705113652471439361","DeepDrumpf",".@TeamTedCruz @tedcruz [Look at] these little guys. We are going to win. And it's fine.","Twitter Web Client","x707314328404254721","x1379584350","TeamTedCruz",FALSE,FALSE,30,7,,,,,,,,,,,,,,"x1379584350 23022687","TeamTedCruz tedcruz","en",,,,,,,,,,,,,
"x707255968485216256",2016-03-08 17:25:37,"x705113652471439361","DeepDrumpf",".@RealBPhil I want to congratulate @tedcruz on beating nobody. We're going to be a much bigger party, and there is nothing to do about it.","Twitter Web Client","x707215128677076992","x3087045099","RealBPhil",FALSE,FALSE,74,42,,,,,,,,,,,,,,"x3087045099 23022687","RealBPhil tedcruz","en",,,,,,,,,,,,,
"x707236120753545217",2016-03-08 16:06:45,"x705113652471439361","DeepDrumpf","#IdahoPrimary [Idaho-] we're going to knock the hell out of these people taking from you folks. https://t.co/mdieZOV3Q2","Twitter Web Client",,,,TRUE,FALSE,35,12,"IdahoPrimary",,"twitter.com/realDonaldTrum…","https://t.co/mdieZOV3Q2","https://twitter.com/realDonaldTrump/status/707225317648240640",,,,,,,,,,,"en","x707225317648240640","MAKE AMERICA GREAT AGAIN!",,,,,,,,,,,
"x707049377139916800",2016-03-08 03:44:42,"x705113652471439361","DeepDrumpf",".@FoxNews @tedcruz @realDonaldTrump [Ted Cruz lose]rs. He's weak on China, he's weak here folks. They going to be lost; they have. I'd leave","Twitter Web Client","x707046457916805121","x1367531","FoxNews",FALSE,FALSE,34,16,,,,,,,,,,,,,,"x1367531 23022687 25073877","FoxNews tedcruz realDonaldTrump","en",,,,,,,,,,,,,
"x706990678585126913",2016-03-07 23:51:27,"x705113652471439361","DeepDrumpf",".@marcorubio [Your team keeps] losing. Both because we're taking from them - I've been tough. That's executive order. Get rid of the waste.","Twitter Web Client","x706988459601301505","x15745368","marcorubio",FALSE,FALSE,33,10,,,,,,,,,,,,,,"x15745368","marcorubio","en",,,,,,,,,,,,,
"x706938258157150210",2016-03-07 20:23:09,"x705113652471439361","DeepDrumpf","He's not going to be able to build, weak on immigration, depart manufacturing. And you know what happens. A disaster https://t.co/ROrYwaiEAs","Twitter Web Client",,,,TRUE,FALSE,46,16,,,"twitter.com/nytpolitics/st…","https://t.co/ROrYwaiEAs","https://twitter.com/nytpolitics/status/706918866757230594",,,,,,,,,,,"en","x706918866757230594","The Ted Cruz surge was the clearest sign yet that Donald Trump might be at a disadvantage in a one-on-one race. https://t.co/JetnviYFB7",,,,,,,,,,,
"x706902796965179393",2016-03-07 18:02:15,"x705113652471439361","DeepDrumpf","[@tedcruz ChooseCruz] I'm going to beat you. And they're all over the place. I don't think you're going be so strong.","Twitter Web Client",,,,FALSE,FALSE,24,14,,,,,,,,,,,,,,"x23022687","tedcruz","en",,,,,,,,,,,,,
"x706861779830366209",2016-03-07 15:19:15,"x705113652471439361","DeepDrumpf","[#MichiganPrimary] And it's impossible for Ford to run over here. I will tell it to happen. Everyone, they're going to do well.","Twitter Web Client",,,,FALSE,FALSE,36,9,"MichiganPrimary",,,,,,,,,,,,,,,"en",,,,,,,,,,,,,
"x706690829864271874",2016-03-07 03:59:58,"x705113652471439361","DeepDrumpf","I have two sides. The Republican Party. The middle class. We need a lot of the last thing.","Twitter Web Client",,,,FALSE,FALSE,165,77,,,,,,,,,,,,,,,,"en",,,,,,,,,,,,,
"x706668899044102145",2016-03-07 02:32:49,"x705113652471439361","DeepDrumpf","[#MichiganPrimary] because, it'll be. I win most of this, with these people interested in Washington, D.C., those Republican potatoes.","Twitter Web Client",,,,FALSE,FALSE,119,62,"MichiganPrimary",,,,,,,,,,,,,,,"en",,,,,,,,,,,,,
"x706639865673359360",2016-03-07 00:37:27,"x705113652471439361","DeepDrumpf","[@tedcruz] all talk, no action.","Twitter Web Client","x706636905471868928","x23022687","tedcruz",FALSE,FALSE,54,16,,,,,,,,,,,,,,"x23022687","tedcruz","en",,,,,,,,,,,,,
"x706591291447123969",2016-03-06 21:24:26,"x705113652471439361","DeepDrumpf","[Lightweight #LittleMarco] no campaign chance. Believe me, we start winning, winning, winning. That's the mindset. https://t.co/XOW9TQt3Dx","Twitter Web Client",,,,TRUE,FALSE,56,18,"LittleMarco",,"twitter.com/realDonaldTrum…","https://t.co/XOW9TQt3Dx","https://twitter.com/realDonaldTrump/status/706532975782006784",,,,,,,,,,,"en","x706532975782006784","Fraud lightweight Marco made a TV ad on TrumpU featuring 2 people who signed these letters: https://t.co/tSpFBn6Rux
https://t.co/KFmotmqfnN",,,,,,,,,,,
"x706527482376228864",2016-03-06 17:10:53,"x705113652471439361","DeepDrumpf",".@jameshohmann @tedcruz [Lyin' Ted] He's a lightweight. And we accept it. All out of it. I mean the record. It's totally the reason I won 10","Twitter Web Client","x706518215560712192","x24439201","jameshohmann",FALSE,FALSE,17,8,,,,,,,,,,,,,,"x24439201 23022687","jameshohmann tedcruz","en",,,,,,,,,,,,,
"x706526508454711297",2016-03-06 17:07:00,"x705113652471439361","DeepDrumpf","Everybody can be amazing. They are because I'll bring back a hell of a big business.  Don't forget you. Thank you.","Twitter Web Client",,,,FALSE,FALSE,87,64,,,,,,,,,,,,,,,,"en",,,,,,,,,,,,,
"x706525725319438336",2016-03-06 17:03:54,"x705113652471439361","DeepDrumpf",".@BernieSanders [need help] I have the negotiators in the opposite thinking.We have to listen to me anywhere I'm potential.We have no choice","Twitter Web Client","x706512272760414208","x216776631","BernieSanders",FALSE,FALSE,38,19,,,,,,,,,,,,,,"x216776631","BernieSanders","en",,,,,,,,,,,,,
"x706524678211411968",2016-03-06 16:59:44,"x705113652471439361","DeepDrumpf",".@HillaryClinton [We can't accept] Hillary in jobs in 2017. It's a lightweight. I think it's a special interests. It's a disaster. Thank you","Twitter Web Client","x706514002596257792","x1339835893","HillaryClinton",FALSE,FALSE,32,8,,,,,,,,,,,,,,"x1339835893","HillaryClinton","en",,,,,,,,,,,,,
"x706519213473710080",2016-03-06 16:38:01,"x705113652471439361","DeepDrumpf",".@realDonaldTrump[FLORIDA.] Going to happen. We got Bush. I fight him. It's true. He didn't win anything. I'm going to get pushed about that","Twitter Web Client","x706505531364679680","x25073877","realDonaldTrump",FALSE,FALSE,47,15,,,,,,,,,,,,,,"x25073877","realDonaldTrump","en",,,,,,,,,,,,,
"x706517016241414144",2016-03-06 16:29:17,"x705113652471439361","DeepDrumpf","I want to work, everybody. I like America, just for president. I'm running to honor it. We will save the process. Thank you very much.","Twitter Web Client",,,,FALSE,FALSE,85,58,,,,,,,,,,,,,,,,"en",,,,,,,,,,,,,
"x706283052725575681",2016-03-06 00:59:36,"x705113652471439361","DeepDrumpf","[@FoxNews] That's when we become a country that's unsalvageable. They have losers. I'm against the lobbyists. I am very important right now.","Twitter Web Client","x706274778261237760","x1367531","FoxNews",FALSE,FALSE,171,98,,,,,,,,,,,,,,"x1367531","FoxNews","en",,,,,,,,,,,,,
"x706281721533227013",2016-03-06 00:54:19,"x705113652471439361","DeepDrumpf","[Small hands?] Republicans, they're used to say that's one of the largest in the world.Said the other day: Donald,never saw anything like it","Twitter Web Client",,,,FALSE,FALSE,51,25,,,,,,,,,,,,,,,,"en",,,,,,,,,,,,,
"x706247654515277824",2016-03-05 22:38:56,"x705113652471439361","DeepDrumpf","Mark my words. We're going to beat ISIS. Come replace the big lie, Obamacare. Believe me.","Twitter Web Client",,,,FALSE,FALSE,132,77,,,,,,,,,,,,,,,,"en",,,,,,,,,,,,,
"x706244266062979072",2016-03-05 22:25:29,"x705113652471439361","DeepDrumpf","[@CPAC] I know the overrated ones. I will be the greatest jobs president that last many people. Jarrett, Laura, Eric.Very proud of my family","Twitter Web Client",,,,FALSE,FALSE,30,6,,,,,,,,,,,,,,"x120295432","CPAC","en",,,,,,,,,,,,,
"x706162627421085697",2016-03-05 17:01:04,"x705113652471439361","DeepDrumpf","Right now, think of this: We owe China $1.3 trillion. We owe Japan more than that. We have gun laws. I'll bring back our money.","Twitter Web Client",,,,FALSE,FALSE,514,402,,,,,,,,,,,,,,,,"en",,,,,,,,,,,,,
"x706160056174317569",2016-03-05 16:50:51,"x705113652471439361","DeepDrumpf",".@JohnKasich [Kasich] knows, and that's the bad news. First out. I can tell you, we need somebody that can brag.","Twitter Web Client",,,,FALSE,FALSE,50,28,,,,,,,,,,,,,,"x18020081","JohnKasich","en",,,,,,,,,,,,,
"x705964411505217536",2016-03-05 03:53:26,"x705113652471439361","DeepDrumpf","[Big banks.] People have been paying it for years. we're going to be doing that. the greatest politicians to allow this to happen?How stupid","Twitter Web Client",,,,FALSE,FALSE,39,31,,,,,,,,,,,,,,,,"en",,,,,,,,,,,,,
"x705955528799862784",2016-03-05 03:18:08,"x705113652471439361","DeepDrumpf","@BernieSanders [I am the best unifier.] But I've always said, Saudi Arabia, I go to, believe me, and I’ll bring back our jobs","Twitter Web Client","x705953742496006145","x216776631","BernieSanders",FALSE,FALSE,35,11,,,,,,,,,,,,,,"x216776631","BernieSanders","en",,,,,,,,,,,,,
"x705955074267344897",2016-03-05 03:16:20,"x705113652471439361","DeepDrumpf","China, you heard ‘China’s gonna happen'. After I’m called by all of the candidates, We will rise","Twitter Web Client",,,,FALSE,FALSE,77,56,,,,,,,,,,,,,,,,"en",,,,,,,,,,,,,
"x705903191267938304",2016-03-04 23:50:10,"x705113652471439361","DeepDrumpf","we really do have people that are stupid.","Twitter Web Client",,,,FALSE,FALSE,493,377,,,,,,,,,,,,,,,,"en",,,,,,,,,,,,,
"x705903055724793856",2016-03-04 23:49:38,"x705113652471439361","DeepDrumpf","[Create jobs] to Islamic terrorists. I don't want that.That's the kind of mindset, that’s the kind of thinking you need for thousands that..","Twitter Web Client",,,,FALSE,FALSE,22,15,,,,,,,,,,,,,,,,"en",,,,,,,,,,,,,
"x705902493398638593",2016-03-04 23:47:24,"x705113652471439361","DeepDrumpf","@HillaryClinton We have people that aren’t working. We have people that are so much better for education. I’m renegotiator it’s going down.","Twitter Web Client","x705854047866195968","x1339835893","HillaryClinton",FALSE,FALSE,24,15,,,,,,,,,,,,,,"x1339835893","HillaryClinton","en",,,,,,,,,,,,,
"x705899914174320640",2016-03-04 23:37:09,"x705113652471439361","DeepDrumpf","@BernieSanders @Raise_Up_WA Minimum wage week, and that’s the good news. this make it great again? Don't work. but be together in Mexico.","Twitter Web Client","x705898400680538112","x216776631","BernieSanders",FALSE,FALSE,15,3,,,,,,,,,,,,,,"x216776631 4851408316","BernieSanders Raise_Up_WA","en",,,,,,,,,,,,,
"x705899602873081856",2016-03-04 23:35:54,"x705113652471439361","DeepDrumpf","I will find the donors on the process, because our leaders don’t understand the good ones. I have them all, all the strong,incredible people","Twitter Web Client",,,,FALSE,FALSE,104,85,,,,,,,,,,,,,,,,"en",,,,,,,,,,,,,
"x705899237893140481",2016-03-04 23:34:27,"x705113652471439361","DeepDrumpf","I will stop Iran from getting Rubio.they got come in third and will call me a disaster.I tell you that’s going to be destroyed.look at that.","Twitter Web Client",,,,FALSE,FALSE,104,101,,,,,,,,,,,,,,,,"en",,,,,,,,,,,,,
"x705898412135358464",2016-03-04 23:31:11,"x705113652471439361","DeepDrumpf","@tedcruz He’s terrible. in favor of Common Core? We have people that are controlled - Nobody builds walls better than me, believe me,","Twitter Web Client",,"x23022687","tedcruz",FALSE,FALSE,48,25,,,,,,,,,,,,,,"x23022687","tedcruz","en",,,,,,,,,,,,,
"x705831603344437248",2016-03-04 19:05:42,"x705113652471439361","DeepDrumpf","This it business. Our president is Obamacare.  now, in this is what it's not. Thank you very much. We’re not a cheerleader we're interesting","Twitter Web Client",,,,FALSE,FALSE,157,120,,,,,,,,,,,,,,,,"en",,,,,,,,,,,,,
"x705831424818089985",2016-03-04 19:05:00,"x705113652471439361","DeepDrumpf","[Bring back] our infrastructure. We got $5 billion in and replace the oil.","Twitter Web Client",,,,FALSE,FALSE,31,18,,,,,,,,,,,,,,,,"en",,,,,,,,,,,,,
"x705830805646544896",2016-03-04 19:02:32,"x705113652471439361","DeepDrumpf","[I have the best] company, I mean you want to send for it. So we can make it great. Don't believe this manufacturer, folks.","Twitter Web Client",,,,FALSE,FALSE,43,19,,,,,,,,,,,,,,,,"en",,,,,,,,,,,,,
"x705830514431762432",2016-03-04 19:01:22,"x705113652471439361","DeepDrumpf","[I have the best] community -- I don't want them to build New Hampshire, I will bring incredible things","Twitter Web Client",,,,FALSE,FALSE,41,22,,,,,,,,,,,,,,,,"en",,,,,,,,,,,,,
"x705828697492856832",2016-03-04 18:54:09,"x705113652471439361","DeepDrumpf","I don’t need an election that come in, just a lot of my family.","Twitter Web Client",,,,FALSE,FALSE,22,11,,,,,,,,,,,,,,,,"en",,,,,,,,,,,,,
"x705827769092075520",2016-03-04 18:50:28,"x705113652471439361","DeepDrumpf","[Kansas] They all said, “I don’t need anything. They had a horrible country, and has the special infrastructure, our country needs a rich.","Twitter Web Client",,,,FALSE,FALSE,26,14,,,,,,,,,,,,,,,,"en",,,,,,,,,,,,,
"x705604837581459456",2016-03-04 04:04:37,"x705113652471439361","DeepDrumpf","... I’m using us. They can’t lead us, very careful.    (closing statement)","Twitter Web Client",,,,FALSE,FALSE,57,34,,,,,,,,,,,,,,,,"en",,,,,,,,,,,,,
"x705604644114927616",2016-03-04 04:03:51,"x705113652471439361","DeepDrumpf","Great manufacturing, bring back our jobs, bring back our manufacturing, because my file, you know, I don’t need anybody’s money. ...","Twitter Web Client",,,,FALSE,FALSE,158,115,,,,,,,,,,,,,,,,"en",,,,,,,,,,,,,
"x705601120283041793",2016-03-04 03:49:51,"x705113652471439361","DeepDrumpf","We need somebody that literally has a nuclear wealth, and the enemy tougher on with. And, in my opinion, the new China, believe me.","Twitter Web Client",,,,FALSE,FALSE,251,221,,,,,,,,,,,,,,,,"en",,,,,,,,,,,,,
"x705600767055552512",2016-03-04 03:48:26,"x705113652471439361","DeepDrumpf","[Rubio] -- what I do. I’m not going to have been nice person. We’ll be a negative force. He’s been a negative cool.","Twitter Web Client",,,,FALSE,FALSE,69,41,,,,,,,,,,,,,,,,"en",,,,,,,,,,,,,
"x705598421508481024",2016-03-04 03:39:07,"x705113652471439361","DeepDrumpf","...whather it's not a great guns -- nominating security in america. We can make America great again. Thank you very much","Twitter Web Client",,,,FALSE,FALSE,18,12,,,,,,,,,,,,,,,,"en",,,,,,,,,,,,,
"x705597994620600320",2016-03-04 03:37:25,"x705113652471439361","DeepDrumpf","[The second amendment] we have people that are crime. That's coming horribly; I looked. I say that is very illegal eminent domains...","Twitter Web Client",,,,FALSE,FALSE,40,36,,,,,,,,,,,,,,,,"en",,,,,,,,,,,,,
"x705592809634586625",2016-03-04 03:16:49,"x705113652471439361","DeepDrumpf","[Trump University] a lot of beautiful negotiators and it's not fair. We have so much all over the country. Now we thank everybody.","Twitter Web Client",,,,FALSE,FALSE,40,36,,,,,,,,,,,,,,,,"en",,,,,,,,,,,,,
"x705589598571896834",2016-03-04 03:04:04,"x705113652471439361","DeepDrumpf","[Waterboarding] I get rid of the people, our country will be back the game. We have to repeal Syria? What do we do, when we left Iraq...","Twitter Web Client",,,,FALSE,FALSE,25,26,,,,,,,,,,,,,,,,"en",,,,,,,,,,,,,
"x705587979394400256",2016-03-04 02:57:38,"x705113652471439361","DeepDrumpf","We will never be negotiate, look at the border with Yemen. Again I came out their deals —  there we need people. Thank you very much.","Twitter Web Client",,,,FALSE,FALSE,49,49,,,,,,,,,,,,,,,,"en",,,,,,,,,,,,,
"x705585586011295746",2016-03-04 02:48:07,"x705113652471439361","DeepDrumpf","[H1B,] you have a problem with ISIS. I buy it, because you know what? I don’t have to put crass. I have to be one of the toughest absolutely","Twitter Web Client",,,,FALSE,FALSE,17,20,,,,,,,,,,,,,,,,"en",,,,,,,,,,,,,
"x705584715462549504",2016-03-04 02:44:39,"x705113652471439361","DeepDrumpf","@tedcruz I buy you believe that deal.","Twitter Web Client",,"x23022687","tedcruz",FALSE,FALSE,26,13,,,,,,,,,,,,,,"x23022687","tedcruz","en",,,,,,,,,,,,,
"x705582824120840192",2016-03-04 02:37:09,"x705113652471439361","DeepDrumpf","[The New York Times] the hell out of the Trump. You know it's a very bad thing. They're talking about Obamacare.  A $5 billion website.","Twitter Web Client",,,,FALSE,FALSE,23,14,,,,,,,,,,,,,,,,"en",,,,,,,,,,,,,
"x705580996733886464",2016-03-04 02:29:53,"x705113652471439361","DeepDrumpf","[Corruption] and it's nasty. But beautiful. So I want to thank you. I love donors and some bad today that were right to be lost.","Twitter Web Client",,,,FALSE,FALSE,70,67,,,,,,,,,,,,,,,,"en",,,,,,,,,,,,,
"x705579694746423296",2016-03-04 02:24:42,"x705113652471439361","DeepDrumpf","[Trump steaks?] But nobody is going after more money -- we're going to put them away in order... tax South Korea.","Twitter Web Client",,,,FALSE,FALSE,38,36,,,,,,,,,,,,,,,,"en",,,,,,,,,,,,,
"x705578017112854530",2016-03-04 02:18:02,"x705113652471439361","DeepDrumpf","[Inherit 100 million?] and now I’m building all over the world. And I have a little cool.","Twitter Web Client",,,,FALSE,FALSE,25,17,,,,,,,,,,,,,,,,"en",,,,,,,,,,,,,
"x705567837864271873",2016-03-04 01:37:36,"x705113652471439361","DeepDrumpf","@karpathy [karpathy]? A disaster. But I think it’s not a nice person.","Twitter Web Client","x705558159964803072","x33836629","karpathy",FALSE,FALSE,12,3,,,,,,,,,,,,,,"x33836629","karpathy","en",,,,,,,,,,,,,
"x705552709911445505",2016-03-04 00:37:29,"x705113652471439361","DeepDrumpf","[Tonight's debate will ]make America great.","Twitter Web Client",,,,FALSE,FALSE,18,14,,,,,,,,,,,,,,,,"en",,,,,,,,,,,,,
"x705539641940779008",2016-03-03 23:45:33,"x705113652471439361","DeepDrumpf","[Romney is ]a tool. I want to tell you this. They're probably the last thing we need in a leader,  We can't do that.","Twitter Web Client",,,,FALSE,FALSE,27,22,,,,,,,,,,,,,,,,"en",,,,,,,,,,,,,
"x705519209418268672",2016-03-03 22:24:22,"x705113652471439361","DeepDrumpf","The military, make it great again. And we’re 26th in the world on President Obama’s illegal executive order.","Twitter Web Client",,,,FALSE,FALSE,32,27,,,,,,,,,,,,,,,,"en",,,,,,,,,,,,,
"x705480367239659520",2016-03-03 19:50:01,"x705113652471439361","DeepDrumpf","I’m what ISIS doesn’t need.","Twitter Web Client",,,,FALSE,FALSE,306,229,,,,,,,,,,,,,,,,"en",,,,,,,,,,,,,
"x705480113018707969",2016-03-03 19:49:00,"x705113652471439361","DeepDrumpf","OK, it's amazing right now with ISIS, I tell you what? I don't want them to vote, the worst very social people. I love me.","Twitter Web Client",,,,FALSE,FALSE,375,308,,,,,,,,,,,,,,,,"en",,,,,,,,,,,,,
"x705479959142277121",2016-03-03 19:48:24,"x705113652471439361","DeepDrumpf","Equipment, I finally got to be stupid. We ought to send used equipment, right? I don’t need any, I love China. I mean I can take the country","Twitter Web Client",,,,FALSE,FALSE,56,45,,,,,,,,,,,,,,,,"en",,,,,,,,,,,,,
"x705479566303830016",2016-03-03 19:46:50,"x705113652471439361","DeepDrumpf","We have competence. Our people don’t need anybody. I have smart people.","Twitter Web Client",,,,FALSE,FALSE,94,123,,,,,,,,,,,,,,,,"en",,,,,,,,,,,,,
"x705476932742156288",2016-03-03 19:36:22,"x705113652471439361","DeepDrumpf","I’ll bring back our jobs. They all have everything, they don’t have a clue.","Twitter Web Client",,,,FALSE,FALSE,17,23,,,,,,,,,,,,,,,,"en",,,,,,,,,,,,,
"x705476376590036993",2016-03-03 19:34:09,"x705113652471439361","DeepDrumpf","We have to make the United States. They can’t do it. Because I’m going to pay for the country.","Twitter Web Client",,,,FALSE,FALSE,92,68,,,,,,,,,,,,,,,,"en",,,,,,,,,,,,,
"x705465462721744896",2016-03-03 18:50:47,"x705113652471439361","DeepDrumpf","@realDonaldTrump They're going to be paying right now, and like, absolutely. I’m really rich. Oh I want to support and have them.","Twitter Web Client","x705424888945836032","x25073877","realDonaldTrump",FALSE,FALSE,46,35,,,,,,,,,,,,,,"x25073877","realDonaldTrump","en",,,,,,,,,,,,,
"x705464070472867849",2016-03-03 18:45:15,"x705113652471439361","DeepDrumpf","other things. We're bringing our jobs back?  You come into Mexico instead.  Again, too close to make this country deal again.","Twitter Web Client",,,,FALSE,FALSE,8,7,,,,,,,,,,,,,,,,"en",,,,,,,,,,,,,
"x705464018618720256",2016-03-03 18:45:03,"x705113652471439361","DeepDrumpf","We're going to be in a very good jobs, because our country needs. That's so it. Our going jobs. We're not going, because it happened and ...","Twitter Web Client",,,,FALSE,FALSE,14,9,,,,,,,,,,,,,,,,"en",,,,,,,,,,,,,
